id,title
1eac6cf3-cdaa-459b-ae81-218c290e84fe,How Music Works
886b1484-36b1-490c-b18f-135109c2d4cd,Foolproof Preserving: A Guide to Small Batch Jams, Jellies, Pickles, Condiments, and More: A Foolproof Guide to Making Small Batch Jams, Jellies, Pickles, Condiments, and More
e67457ce-1ae5-4911-acb4-d496f91edecc,Chase Me (Paris Nights #2)
32cc87ad-decc-422d-a59d-7ec8ab049595,Black Dust
84d2c746-840f-4561-a4e0-40e6eb736acd,Birdsong: A Story in Pictures
b39ac898-05c7-48d5-9514-811c55ddf48c,America's Cradle of Quarterbacks: Western Pennsylvania's Football Factory from Johnny Unitas to Joe Montana
fb71e6a6-d268-4bd0-bb44-6eaf945de6ec,Aladdin and His Wonderful Lamp
4f85404e-36d8-4675-b946-4d14061431ba,Worlds Elsewhere: Journeys Around Shakespeare’s Globe
d4ebab44-45fd-4366-88e6-68f9d4780d33,Wall and Piece
d7cdc75d-430e-497b-9216-3cbdfbd2d75a,The Four Agreements: A Practical Guide to Personal Freedom
84717016-ee3f-470d-952e-932d132a87cf,The Five Love Languages: How to Express Heartfelt Commitment to Your Mate
48576d88-6a36-4df6-b781-e674d1cddb6d,The Elephant Tree
2f2f62ac-765a-4535-9132-64b0a450510d,The Bear and the Piano
ad522d1d-0454-4654-a172-05398200750c,Sophie's World
aa241c02-591b-4b37-bd23-26d508eb9df2,Penny Maybe
932fd2ec-a9e0-46a2-908c-b54e758a8032,Maude (1883-1993):She Grew Up with the country
0ab7ea94-36ce-4c7a-8611-b484a43f3257,In a Dark, Dark Wood
c9370b61-f0ed-4082-b923-bdd6d42cfca6,Behind Closed Doors
4beffe12-804a-4e19-90e1-9bec5695c651,You can't bury them all: Poems
60088a08-1fe8-484a-a62d-07f538424c40,Immunity: How Elie Metchnikoff Changed the Course of Modern Medicine
7ad3703f-38c3-440b-a0f7-4d0d42a5c8c8,I Hate Fairyland, Vol. 1: Madly Ever After (I Hate Fairyland (Compilations) #1-5)
df65773a-bf47-4b31-97ce-16b7ca751157,I am a Hero Omnibus Volume 1
a365ec65-a5aa-4dcc-a3fe-923d074cd97d,How to Be Miserable: 40 Strategies You Already Use
f18cb6b8-800e-47ad-9e6f-78c6c72e69a7,Her Backup Boyfriend (The Sorensen Family #1)
19f72b0f-29c2-4014-ae05-0c1730ea36a8,Giant Days, Vol. 2 (Giant Days #5-8)
48846a10-a1a7-4e64-a1da-4026385c9cbc,Forever and Forever: The Courtship of Henry Longfellow and Fanny Appleton
18321aa9-bff2-4dbb-9167-baa9e1775a48,First and First (Five Boroughs #3)
651d8b33-548c-4c85-bee1-c166c0ab0b0c,Fifty Shades Darker (Fifty Shades #2)
61982072-14d0-4b3b-8230-31d528ba2d45,Everydata: The Misinformation Hidden in the Little Data You Consume Every Day
e2f35954-88fd-43c3-8061-782e4474eb17,Don't Be a Jerk: And Other Practical Advice from Dogen, Japan's Greatest Zen Master
7ca2a19f-2328-4a8d-9b93-6c58712bee46,Danganronpa Volume 1
563899bf-9ec7-4673-9685-693915c93c19,Crown of Midnight (Throne of Glass #2)
fc7b77a9-c752-49eb-86e3-ee36b492952c,Codename Baboushka, Volume 1: The Conclave of Death
7f95f24b-86e9-4d3a-a0d3-f6743fa1ae2e,Camp Midnight
ff6bfdba-5f6a-4161-95f8-f23ba6f7460b,Call the Nurse: True Stories of a Country Nurse on a Scottish Isle
deaaf541-ed78-4cde-bfc5-7005cddbc1d2,Burning
c7e133b2-56bd-40fc-99b0-69dfd8ce15fc,Bossypants
cb514933-2d59-4f8a-9620-6cae5c497a3d,Bitch Planet, Vol. 1: Extraordinary Machine (Bitch Planet (Collected Editions))
020044e7-b5dc-4442-8cda-63214a63b0ec,Avatar: The Last Airbender: Smoke and Shadow, Part 3 (Smoke and Shadow #3)
343cbc61-735a-4137-b7a5-f4ec9f3e651d,The Shadow Hero (The Shadow Hero)
4a1f784e-3d58-4181-8c3c-b30640267e7c,The Secret (The Secret #1)
9bae8de0-48e6-4dff-9051-f7386ddac469,The Regional Office Is Under Attack!
20f3ce45-4f3d-41bc-a105-a79874fe87cb,The Psychopath Test: A Journey Through the Madness Industry
7c4cacea-46e9-455f-bccf-c208420acd46,The Project
11ad8388-349d-45ad-9438-d90c76cfa337,The Power of Now: A Guide to Spiritual Enlightenment
e8e4a371-28fc-43bd-bd61-957a263e7e16,The Omnivore's Dilemma: A Natural History of Four Meals
5428b141-b891-40e7-b303-e383713d6447,The Nerdy Nummies Cookbook: Sweet Treats for the Geek in All of Us
7800980d-c762-4829-8257-e4011ba82255,The Murder of Roger Ackroyd (Hercule Poirot #4)
2c92b8a2-1164-4693-a4ea-cacb5476db02,The Mistake (Off-Campus #2)
c144bfd2-31d0-407b-9810-6827719875a6,The Matchmaker's Playbook (Wingmen Inc. #1)
f119b535-089d-4ebf-bc76-45b04e7bea26,The Love and Lemons Cookbook: An Apple-to-Zucchini Celebration of Impromptu Cooking
b01457b5-1fab-4e1a-b851-3f314214f661,The Long Shadow of Small Ghosts: Murder and Memory in an American City
11c324be-09bb-4071-b203-0a83426209a5,The Kite Runner
a06de205-6ebc-4a6d-9f1b-2b661bc73d9a,The House by the Lake
c06159a1-92eb-488c-ba2c-c9f8bc050757,The Glittering Court (The Glittering Court #1)
8c6c691d-460f-4da4-8f31-2a4c95631aed,The Girl on the Train
6a14db97-0109-441c-b349-8efce6cfee8d,The Genius of Birds
5a838e97-a669-40b5-ad90-7cd2278bf475,The Emerald Mystery
258b81fc-6b68-4e5a-9231-4ca281de5ab6,The Cookies & Cups Cookbook: 125+ sweet & savory recipes reminding you to Always Eat Dessert First
8fd27d07-8f70-44fa-8ca1-57a775478527,A Light in the Attic
eec66893-677e-437b-b8d6-35996cc63510,Tipping the Velvet
5f2acb59-687f-46d3-9c67-dfa288c01d94,Soumission
57813a89-969d-4f67-ab50-aa420332922f,Sharp Objects
3a0ed98f-5bbf-4a9a-9300-5121255222f9,Sapiens: A Brief History of Humankind
71a37354-6872-4e9b-9424-565e3bd77f16,The Requiem Red
165a0118-c95d-43a8-be4f-44f46b7f9915,The Dirty Little Secrets of Getting Your Dream Job
18686670-edf9-4045-b159-100ad4d6e2c1,The Coming Woman: A Novel Based on the Life of the Infamous Feminist, Victoria Woodhull
3cb5f90b-82bb-46b2-8dc7-b8097b8c7ef2,The Boys in the Boat: Nine Americans and Their Epic Quest for Gold at the 1936 Berlin Olympics
4e518f07-b436-4e7c-92fd-88e4985c0b0c,The Black Maria
b8d057ee-0bdc-4784-a80c-8abe7a9c7e7c,Starving Hearts (Triangular Trade Trilogy, #1)
9c8fe799-c1ff-4b47-bf42-e4c53fd4a037,Shakespeare's Sonnets
19677b28-e0ac-416a-b7af-6c6e2c49d2bc,Set Me Free
b0ae5112-13c4-4082-b964-0650df6412a8,Scott Pilgrim's Precious Little Life (Scott Pilgrim #1)
664983a2-07c0-4afd-89e0-ccc05d52014a,Rip it Up and Start Again
b9deaf46-0989-4c70-ac87-510e9579a34c,Our Band Could Be Your Life: Scenes from the American Indie Underground, 1981-1991
ce828816-f2d3-4c1a-888b-4c8b9074032c,Olio
4bb7ad7a-79a8-4fd1-ab76-54a0b516cae9,Mesaerion: The Best Science Fiction Stories 1800-1849
a761727a-f7d2-4b47-ae64-2f91b35e8971,Libertarianism for Beginners
815bc93a-15a0-411c-bd6e-20d21d38e19e,It's Only the Himalayas
14caac76-a5f8-467a-885a-10adeb1681b2,The Nameless City (The Nameless City #1)
cfec844d-2f16-4587-be8a-e2cbee052cda,The Murder That Never Was (Forensic Instincts #5)
128440d8-d3a0-4bda-8166-08f1af033e78,The Most Perfect Thing: Inside (and Outside) a Bird's Egg
9ad0d8df-6571-4686-b7b0-4925403f31ee,The Mindfulness and Acceptance Workbook for Anxiety: A Guide to Breaking Free from Anxiety, Phobias, and Worry Using Acceptance and Commitment Therapy
3f234f5e-2755-4531-ba5b-542cb3328185,The Life-Changing Magic of Tidying Up: The Japanese Art of Decluttering and Organizing
6c86f795-5df2-4848-9a70-16852a5aad2c,The Inefficiency Assassin: Time Management Tactics for Working Smarter, Not Longer
10d70aca-ce72-4589-a6ff-34c2f34d5879,The Gutsy Girl: Escapades for Your Life of Epic Adventure
8ad5f13d-5fa0-4b76-a3fe-13b56e65a5b2,The Electric Pencil: Drawings from Inside State Hospital No. 3
799d33c9-8ea8-4110-8560-5084ce282780,The Death of Humanity: and the Case for Life
060342d4-8380-41b3-ac2b-53c5cf0d7cce,The Bulletproof Diet: Lose up to a Pound a Day, Reclaim Energy and Focus, Upgrade Your Life
ab60114d-2e5c-4904-92c5-dfc62a82f54f,The Art Forger
0b352c63-191d-485d-8206-997bb6c142c4,The Age of Genius: The Seventeenth Century and the Birth of the Modern Mind
e6abbc1e-6735-461b-a6a0-637e75a010c8,The Activist's Tao Te Ching: Ancient Advice for a Modern Revolution
22880844-cf44-4c15-a71f-3234c42d632e,Spark Joy: An Illustrated Master Class on the Art of Organizing and Tidying Up
fe43a170-fbf6-45a8-97f5-981dfff00970,Soul Reader
850db1ca-2cd3-4b6d-92c2-07ef2c7c8301,Security
9cbd0bac-b7d7-48d3-a9ef-b2dd7a54fbf5,Saga, Volume 6 (Saga (Collected Editions) #6)
1d064940-da24-4bcb-892f-fbe4aea79137,Saga, Volume 5 (Saga (Collected Editions) #5)
7e8de9a5-0940-4150-b819-9674a0981ba7,Reskilling America: Learning to Labor in the Twenty-First Century
96d61c50-f1e7-49e1-8079-00c366803e86,Rat Queens, Vol. 3: Demons (Rat Queens (Collected Editions) #11-15)
b6b2ec74-1bfb-4809-a1fb-a4baddb38da1,Princess Jellyfish 2-in-1 Omnibus, Vol. 01 (Princess Jellyfish 2-in-1 Omnibus #1)
b43c12af-82a8-4cf3-8023-1d59ef0a0871,Princess Between Worlds (Wide-Awake Princess #5)
e3373e1a-20c2-4519-b940-b5c9b27984a6,Pop Gun War, Volume 1: Gift
1dae6225-5d13-4bde-96a0-e5131287c238,Political Suicide: Missteps, Peccadilloes, Bad Calls, Backroom Hijinx, Sordid Pasts, Rotten Breaks, and Just Plain Dumb Mistakes in the Annals of American Politics
3041c9e3-513a-4493-b74a-15056332f376,Patience
035129cc-f9b9-4efe-b5a6-f514ded7d88f,Outcast, Vol. 1: A Darkness Surrounds Him (Outcast #1)
aa28a53f-a99d-4e9c-baa0-3a4d4a56687c,orange: The Complete Collection 1 (orange: The Complete Collection #1)
af5823d4-7879-42b5-8c4e-d41f28dbc396,Online Marketing for Busy Authors: A Step-By-Step Guide
5ccbd829-bee4-44d1-afff-63ef80e5f22d,On a Midnight Clear
21b05710-00b4-449d-91a4-a3814f3cf786,Obsidian (Lux #1)
56f45684-b535-4fda-821c-6a7f0889c5b5,My Paris Kitchen: Recipes and Stories
207afba4-0fc0-4e71-b393-45fe560c7fa9,Masks and Shadows
9d9d706c-b51f-420f-80c7-e6b2cacfd93f,Mama Tried: Traditional Italian Cooking for the Screwed, Crude, Vegan, and Tattooed
2f3ded1b-38b0-4be4-9e44-664a78aa8087,Lumberjanes, Vol. 2: Friendship to the Max (Lumberjanes #5-8)
864b5f7c-f264-4d2d-9818-6487417d4de1,Lumberjanes, Vol. 1: Beware the Kitten Holy (Lumberjanes #1-4)
524b7832-8046-46cc-8995-df11a6ff26c6,Lumberjanes Vol. 3: A Terrible Plan (Lumberjanes #9-12)
262de541-6a7e-4aa1-8b60-2bc40b670336,Layered: Baking, Building, and Styling Spectacular Cakes
3564e40a-9d3a-4566-9b3d-0d1f177e53aa,Judo: Seven Steps to Black Belt (an Introductory Guide for Beginners)
f3d4ef07-2899-4959-ab08-5ac20b99ec6d,Join
0815ced8-f023-446f-9d4d-008d693cd0fa,In the Country We Love: My Family Divided
3da223cb-daf2-49fb-ab7e-9524c2b63791,Slow States of Collapse: Poems
1aa1bd89-76cc-499c-ab4a-cdaac01a00fc,Reasons to Stay Alive
81245146-2859-4c32-875f-facdcddaaf35,Private Paris (Private #10)
a5126a90-3ef2-4637-ba34-5eca16fafefb,#HigherSelfie: Wake Up Your Life. Free Your Soul. Find Your Tribe.
5a42d18d-311d-44d5-a5c4-5dc82f63ce47,Without Borders (Wanderlove #1)
e3f078b9-4e94-403a-a4ce-754bb20ceae3,When We Collided
509e142a-ccae-46a9-b063-8fd1dab17789,We Love You, Charlie Freeman
279771e7-08f2-4679-93f9-33e2d0f453af,Untitled Collection: Sabbath Poems 2014
7685588f-eb5b-4a0e-ad7a-e35a3c49d700,Unseen City: The Majesty of Pigeons, the Discreet Charm of Snails & Other Wonders of the Urban Wilderness
c80551a3-2043-43b1-87c1-2912878c8ab8,Unicorn Tracks
7c503431-268c-4cc5-8582-27f90757ef7f,Unbound: How Eight Technologies Made Us Human, Transformed Society, and Brought Our World to the Brink
8d94c9c9-41d9-408f-91f8-6ef4778f36dc,Tsubasa: WoRLD CHRoNiCLE 2 (Tsubasa WoRLD CHRoNiCLE #2)
f2c6d3d8-cb44-4413-829c-c7963d39f1b4,Throwing Rocks at the Google Bus: How Growth Became the Enemy of Prosperity
3773d873-7423-4e7f-b255-8d753474af6d,This One Summer
fac1e54b-d98d-4109-8c4f-e011b7d979a1,Thirst
ec276be3-09ba-4e25-b405-bf148031657a,The Torch Is Passed: A Harding Family Story
fb5ee6d0-7711-4403-8b33-8a99f035985d,The Secret of Dreadwillow Carse
420366ad-f868-42cb-83e6-08269171b812,The Pioneer Woman Cooks: Dinnertime: Comfort Classics, Freezer Food, 16-Minute Meals, and Other Delicious Ways to Solve Supper!
ef5a5c21-440b-4760-97af-7c1da134db65,The Past Never Ends
8a8e34aa-e6b9-4b52-b571-a5db195d1a1a,The Natural History of Us (The Fine Art of Pretending #2)
5e98e740-a500-420c-a314-65752c94dadc,Algorithms to Live By: The Computer Science of Human Decisions
b4fa528b-c89d-4d6f-8df3-35b22869e897,A World of Flavor: Your Gluten Free Passport
4a6955e1-702a-49b8-aac2-294fae61f66a,A Piece of Sky, a Grain of Rice: A Memoir in Four Meditations
3732ebdb-3a00-4e65-9e98-d1cc8f396f62,A Murder in Time
e10b0e88-b568-4837-8553-c148a30e6b3c,A Flight of Arrows (The Pathfinders #2)
727cc0eb-ccd2-437b-b43b-27069746f219,A Fierce and Subtle Poison
8a542ae7-e2ce-40cf-9a23-851f644942a0,A Court of Thorns and Roses (A Court of Thorns and Roses #1)
ea7c5f1b-9bfd-4c35-8206-494cbaea2701,(Un)Qualified: How God Uses Broken People to Do Big Things
91378e6f-b11d-4e9c-a19b-2a532b7e9cda,You Are What You Love: The Spiritual Power of Habit
e9e7d97b-8a50-4e3b-9adc-d6df43d3f903,William Shakespeare's Star Wars: Verily, A New Hope (William Shakespeare's Star Wars #4)
2e639126-6a86-4b8b-a2ba-65385e1aa0ce,Tuesday Nights in 1980
42d4876b-a852-4570-85eb-1620aa7a4652,Tracing Numbers on a Train
85d2ee69-dc6f-4271-a8e8-788b14228819,Throne of Glass (Throne of Glass #1)
0b8076bc-caf7-480c-b83f-38e55edf5a04,Thomas Jefferson and the Tripoli Pirates: The Forgotten War That Changed American History
2c7ddca1-73b8-45c7-ad7e-b4406dd15b74,Thirteen Reasons Why
baa3d467-e35f-4f18-80af-3485ddfee7eb,The White Cat and the Monk: A Retelling of the Poem “Pangur Bán”
0778d2ad-866f-4e84-840b-e0597d8a9c81,The Wedding Dress
8f4ae133-aa02-403a-a631-bed6e320a9fa,The Vacationers
3aa04228-dfa2-44a2-ab41-18eb43e3a7f8,The Third Wave: An Entrepreneur’s Vision of the Future
7d9a0027-f926-45cb-8a3a-53ecd05ce08b,The Stranger
c1c4a230-c137-40a1-a138-a2529d99bd0e,Modern Romance
8673d04e-aacc-462d-9989-29bdfb3d432f,Miss Peregrine’s Home for Peculiar Children (Miss Peregrine’s Peculiar Children #1)
9144b59b-8638-44c8-a41d-6b04b44f0f48,Louisa: The Extraordinary Life of Mrs. Adams
63e31df8-0ce2-40ca-a0a7-be4206aa3b85,Little Red
8045c891-c49a-4f5d-ae8d-d60e0488e092,Library of Souls (Miss Peregrine’s Peculiar Children #3)
e2a1a07a-b53a-48f3-aacc-b52f778ef2e6,Large Print Heart of the Pride
64903275-0625-4e8c-972e-74889bd9b177,I Had a Nice Time And Other Lies...: How to find love & sh*t like that
4bd55caa-7c48-4606-831a-88cb5492011d,Hollow City (Miss Peregrine’s Peculiar Children #2)
22fda930-9491-4ae0-a5ae-cf5cefc51bea,Grumbles
9e6d50b2-a1c0-448e-9406-55d0c6da18e3,Full Moon over Noah’s Ark: An Odyssey to Mount Ararat and Beyond
49f9a3c5-21db-4e7a-a433-5bf307b4f114,Frostbite (Vampire Academy #2)
3b8f983b-fe1d-456c-b008-df4cd0cdc9db,Follow You Home
fdfb7ccd-b181-45de-abef-979822955b73,First Steps for New Christians (Print Edition)
5d400332-c611-438e-bdb6-42184029b7bc,Finders Keepers (Bill Hodges Trilogy #2)
57cc0a68-1ebb-4de8-832d-668538f8d916,Fables, Vol. 1: Legends in Exile (Fables #1)
8473f057-9c56-421e-95d4-d05d22f073e9,Eureka Trivia 6.0
6096ab33-c251-48c4-9f2b-a82f16fa01ae,Drive: The Surprising Truth About What Motivates Us
0e12a43a-2f9d-4332-a78f-214bf8139c17,Done Rubbed Out (Reightman & Bailey #1)
dda2c8a5-f38e-4c6d-a550-ea1e8e60341f,Doing It Over (Most Likely To #1)
e82d17a4-98c3-412d-ad70-69b91b7cc7f9,Deliciously Ella Every Day: Quick and Easy Recipes for Gluten-Free Snacks, Packed Lunches, and Simple Meals
28e24747-b913-42b7-bbc0-5d8a243bd7a6,The Bridge to Consciousness: I'm Writing the Bridge Between Science and Our Old and New Beliefs.
15bfd6bc-8579-4fde-8041-1e8094720337,The Artist's Way: A Spiritual Path to Higher Creativity
64b7aef4-2f84-44c2-87e7-aaa00163e865,The Art of War
49d0486e-1b0f-46ee-8b7c-1b7ef8445dbc,The Argonauts
e5dea100-15bb-48cf-98dc-20f34e7fde4e,The 10% Entrepreneur: Live Your Startup Dream Without Quitting Your Day Job
0dbc6c77-ad14-4c46-8c20-7e85aa00af55,Suddenly in Love (Lake Haven #1)
a0165795-67be-4cce-b6cf-b4e40cb327e8,Something More Than This
bb354d5a-0a7b-4842-9c75-be8469ff5c8d,Soft Apocalypse
bb0bf499-4363-4f8a-9231-0c5acf39b11e,So You've Been Publicly Shamed
153570f5-da1f-4f20-a9bf-7c74dca1e347,Shoe Dog: A Memoir by the Creator of NIKE
777ec5d6-5112-43fa-bef9-878bef910f5a,Shobu Samurai, Project Aryoku (#3)
9b371602-9e4f-4a42-88a7-5159cf14f9f8,Secrets and Lace (Fatal Hearts #1)
54b86922-b609-4fe1-9dc4-d3092957bb5f,Scarlett Epstein Hates It Here
12e9cb5b-1816-4514-9fe8-b6e2fb867bbd,Romero and Juliet: A Tragic Tale of Love and Zombies
6c3c7206-0786-40ba-a0ce-4623458e24f7,Redeeming Love
08e91893-a1d6-43cd-84d9-baa86e426303,Poses for Artists Volume 1 - Dynamic and Sitting Poses: An Essential Reference for Figure Drawing and the Human Form
a073853c-6d15-4159-aeda-66afbc41cd3f,Poems That Make Grown Women Cry
078210a6-5221-4c0e-8292-c5a98063b504,Nightingale, Sing
041cf09a-e696-4ef7-910c-cdafcc145df0,Night Sky with Exit Wounds
b80c306e-2893-4f73-a659-399b4c896669,Mrs. Houdini
2b5e5a99-9845-48ef-a7b3-de115a354dcd,Whole Lotta Creativity Going On: 60 Fun and Unusual Exercises to Awaken and Strengthen Your Creativity
9d9b5b79-95fe-4f03-9a26-faa0255caf2a,What's It Like in Space?: Stories from Astronauts Who've Been There
36096a71-70ab-457b-92fb-9701260fc843,We Are Robin, Vol. 1: The Vigilante Business (We Are Robin #1)
bcb0ddac-3d4a-49a2-abd3-fc6fe72b689c,Walt Disney's Alice in Wonderland
bef2c2f4-5f89-4525-8e17-a4e777354800,V for Vendetta (V for Vendetta Complete)
84cd7f26-7eed-4949-a102-c43b5b565540,Until Friday Night (The Field Party #1)
20591be0-703f-44e0-bc8f-a41d3ea1c0c8,Unbroken: A World War II Story of Survival, Resilience, and Redemption
906a4440-e1d4-421f-aca6-a82aef2bedb2,Twenty Yawns
96285a08-7e10-4ea6-9e43-8335139c177e,Through the Woods
dd988005-61e1-4aba-b26e-d364031fd48b,This Is Where It Ends
ba1a2d56-62fb-4213-a175-3b83340755bd,The Year of Magical Thinking
313266c7-10b5-4230-bf83-7a7c69d0cbcb,The Wright Brothers
667c9889-32c8-44b0-866c-bbd56be02eb6,The White Queen (The Cousins' War #1)
470f65b5-ccce-4ddf-b16e-2b4558c21f98,The Wedding Pact (The O'Malleys #2)
e561cf59-2097-4bfc-b838-95775552c121,The Time Keeper
9a2f27c5-988e-4065-bd61-d44a6851acdc,The Testament of Mary
00ad8902-59d5-4d18-aca3-a8121a77687c,The Star-Touched Queen
00d5d7c5-d1cf-4730-a34f-250129dc7d10,The Songs of the Gods
6effbbf0-c634-4e34-a2d5-f2726f7aab76,The Song of Achilles
af0e067a-bec3-46ac-a6ae-89fbf6f56111,The Rosie Project (Don Tillman #1)
770ae235-4bc8-4428-b88e-6c5050515938,Swell: A Year of Waves
b731c5ca-62d6-44e2-bda8-e313835897ec,Superman Vol. 1: Before Truth (Superman by Gene Luen Yang #1)
0206a2cb-ba7b-4b92-9b1c-a8547cb2be70,Still Life with Bread Crumbs
8f68789a-f1e9-4df4-994e-34dcc56a042a,Steve Jobs
631c701a-a6eb-4086-a813-498b3c1c046a,Sorting the Beef from the Bull: The Science of Food Fraud Forensics
68851339-201e-4938-ba3b-fd8871513065,Someone Like You (The Harrisons #2)
00033499-d97a-4fa5-9652-712f09fef6c7,So Cute It Hurts!!, Vol. 6 (So Cute It Hurts!! #6)
eaddb593-3be5-4e30-bbff-5e6366c734a3,Shtum
0e1b8f08-b559-4126-9d5c-a58733e8041a,See America: A Celebration of Our National Parks & Treasured Sites
3c6a69f2-c972-45c6-93e6-cb0d089abd44,salt.
ab141351-0608-45a1-91a4-573dadb32f54,Robin War
4add807f-f3bb-48ac-bb4a-a483d081519f,Red Hood/Arsenal, Vol. 1: Open for Business (Red Hood/Arsenal #1)
03f5238c-a53f-45d1-aa10-7aa568337453,Rain Fish
3ad634ca-c382-40e3-9faf-39c0a886659d,Quarter Life Poetry: Poems for the Young, Broke and Hangry
5b086a2b-77d5-4473-b7b2-3f059f6b1af9,Pet Sematary
12daa0ed-fdda-4e48-8cce-53b70ab56edb,Overload: How to Unplug, Unwind, and Unleash Yourself from the Pressure of Stress
67f3502d-e0b8-4113-bdcd-55cc615efd94,Once Was a Time
2c7cc53c-c52c-44a8-91b4-83e8c251058d,Old School (Diary of a Wimpy Kid #10)
7986b0b5-23a9-4d48-a0cb-549edd4b650d,No Dream Is Too High: Life Lessons From a Man Who Walked on the Moon
36c3e547-9a46-42f5-a4e3-e9f9387aaa16,Naruto (3-in-1 Edition), Vol. 14: Includes Vols. 40, 41 & 42 (Naruto: Omnibus #14)
582e6bb7-9777-422c-8778-6041bb950af6,Dark Notes
76640688-3eec-45ab-95d4-5a67631e2c9b,Daring Greatly: How the Courage to Be Vulnerable Transforms the Way We Live, Love, Parent, and Lead
07363a50-d8f5-4ec0-82c6-4295db53d899,Close to You
b778e3dd-a956-4a48-b7ae-d90802285b1b,Chasing Heaven: What Dying Taught Me About Living
a6c3dd83-76ad-4c62-9dfe-eb991a12bdb7,Big Magic: Creative Living Beyond Fear
66006976-a6c3-4d44-b707-21664757eb64,Becoming Wise: An Inquiry into the Mystery and Art of Living
36d64ffa-0b4e-4249-99ad-8d2fae13d570,Beauty Restored (Riley Family Legacy Novellas #3)
25206d54-d124-4b3e-ad16-27795c8abd6b,Batman: The Long Halloween (Batman)
a03cb9d2-8a58-4017-bd3c-889bbf80f17f,Batman: The Dark Knight Returns (Batman)
b5362305-7a91-4a10-bb39-05987360a747,Ayumi's Violin
5665016e-d494-41e5-9642-4b6d2f86203f,Anonymous
1c6bb2ae-72c5-48c0-b199-6f11d4bc427e,Amy Meets the Saints and Sages
30d99c35-04e5-4393-be92-afa952281a1b,Amid the Chaos
ea993b1b-977c-4bb9-98f3-52b451cdd29e,Amatus
8b9b9755-7332-408c-8fba-93885c46de58,Agnostic: A Spirited Manifesto
b99a9e03-5efe-4f85-924e-52daf02176f5,Zealot: The Life and Times of Jesus of Nazareth
9c9af7c5-de63-423f-97e6-583d526a848a,You (You #1)
eaac9fb1-033f-4d14-80b0-9939f7ee532f,Wonder Woman: Earth One, Volume One (Wonder Woman: Earth One #1)
2ff30ee6-7b23-4fcf-a75b-6b3102749b4e,Wild Swans
49973a87-8df1-4f20-9677-31a60dbbadc2,Why the Right Went Wrong: Conservatism--From Goldwater to the Tea Party and Beyond
ae776058-cf53-4608-a8b5-574c940614d3,The Power of Habit: Why We Do What We Do in Life and Business
fc29dd65-3508-456f-93f9-ede77da6b2dc,The Marriage of Opposites
97d7c919-8132-4030-9b20-1dad725bca20,The Lucifer Effect: Understanding How Good People Turn Evil
8317275b-1c0b-4147-b637-0d63961f64d5,The Long Haul (Diary of a Wimpy Kid #9)
99f06c6a-808e-4be4-9b46-5a3d6f208b0e,The Loney
c936574c-65eb-43b1-889e-08d5164b57b6,The Literature Book (Big Ideas Simply Explained)
78f381d9-d2f1-4244-9283-0c3af267bcbf,The Last Mile (Amos Decker #2)
c954fd93-c526-40ea-ac73-2961ccb3e1e1,The Immortal Life of Henrietta Lacks
5f338339-08d9-4922-b726-a431d84f9d4c,The Hidden Oracle (The Trials of Apollo #1)
a4d28a9f-b0a4-400c-8399-371ca41fe3a9,The Help Yourself Cookbook for Kids: 60 Easy Plant-Based Recipes Kids Can Make to Stay Healthy and Save the Earth
25569044-b463-4208-a131-8fe100349e6a,The Guilty (Will Robie #4)
a433108c-7ac6-43d1-a19a-e320898e5ed1,The First Hostage (J.B. Collins #2)
34f8d7f2-31ab-42e6-9216-5ed600155731,The Dovekeepers
3f4d4a5e-366c-4b40-b237-213b9aa740e0,The Darkest Lie
ede0e2f1-caaf-4d39-8502-05a689257614,The Bane Chronicles (The Bane Chronicles #1-11)
ce86f809-56d1-4453-8378-f452d759d4bc,The Bad-Ass Librarians of Timbuktu: And Their Race to Save the World’s Most Precious Manuscripts
b0a85f4d-8a71-4d71-bd24-97aadd5c9903,The 14th Colony (Cotton Malone #11)
855c5ce9-4274-411b-8a36-825c442c1fa1,That Darkness (Gardiner and Renner #1)
d1df598a-cbf6-4a92-a113-7f71981670b3,Tastes Like Fear (DI Marnie Rome #3)
59f91fd5-4882-44a2-81d8-261ffa8a37e6,Take Me with You
3b9578b0-ecd8-4fa3-a506-508561dbe048,My Name Is Lucy Barton
129131f5-1108-4d71-abad-3e4e8024239f,My Mrs. Brown
23eb0a33-f84b-488f-af69-e0fac8d87a62,My Kind of Crazy
a5f14fc0-6610-4f93-aab7-12e690bbb808,Mr. Mercedes (Bill Hodges Trilogy #1)
3c016c63-e09d-44e1-9787-8364cdd5541e,More Than Music (Chasing the Dream #1)
630953fe-b293-444c-bebe-e5fbf607ee47,Made to Stick: Why Some Ideas Survive and Others Die
0a3ff8f8-3c65-4828-af69-3c1783c57d13,Luis Paints the World
64a31398-3125-48d1-8997-59dd032b3d8a,Luckiest Girl Alive
10c22ec9-e399-4969-9668-61acfd98dc99,Lowriders to the Center of the Earth (Lowriders in Space #2)
64e1f731-6cbf-4935-8dcd-782891be578d,Love Is a Mix Tape (Music #1)
2e30e508-6c25-488a-9231-6feefcabe2eb,Looking for Lovely: Collecting the Moments that Matter
233a68de-aaf9-4a45-8516-263a3f38523c,Living Leadership by Insight: A Good Leader Achieves, a Great Leader Builds Monuments
79d57796-adf3-4355-82bd-4f15c418691f,Let It Out: A Journey Through Journaling
3cc51372-2d07-43bb-89e8-4670bfc745f9,Lady Midnight (The Dark Artifices #1)
9f9a174e-9a9f-41d9-b2bc-1bcff6ba89e5,It's All Easy: Healthy, Delicious Weeknight Meals in under 30 Minutes
09ab47c1-0a6e-4817-a444-e3368d4c16b2,Island of Dragons (Unwanteds #7)
e2ff7681-9cc5-4d0e-b2ae-6e00bea03bdb,I Know What I'm Doing -- and Other Lies I Tell Myself: Dispatches from a Life Under Construction
1b316fec-8403-4d0a-860d-2d040b835eee,I Am Pilgrim (Pilgrim #1)
004fbde5-8433-4384-b4eb-39c6342d59dc,Hyperbole and a Half: Unfortunate Situations, Flawed Coping Mechanisms, Mayhem, and Other Things That Happened
2cc8dac4-0268-41a8-afbb-1ed3e1d7d734,Hush, Hush (Hush, Hush #1)
0f32a373-519c-4a2b-b634-2958ab4334be,Hold Your Breath (Search and Rescue #1)
ccdc8d9d-754d-473a-b38d-fee8ac2274c6,Hamilton: The Revolution
c9d70ee9-c6ad-40b0-97f1-eea2a967f675,Greek Mythic History
0f11b8c6-382a-467c-b6f2-f4388cb54de1,God: The Most Unpleasant Character in All Fiction
f6ff033c-45eb-4327-8ecb-ab0778a35fd3,Glory over Everything: Beyond The Kitchen House
10673d46-b850-4756-9a74-3764b8babd80,Feathers: Displays of Brilliant Plumage
bd0c70cb-2d22-43b4-85bc-1021d24176a9,Far & Away: Places on the Brink of Change: Seven Continents, Twenty-Five Years
9760b1cf-92c3-4c6a-aa20-cfca3a1e137b,Every Last Word
7f215ee6-5f7e-423f-8ee4-147c673ef93d,Eligible (The Austen Project #4)
c334cbe2-7c15-4c6b-b78e-66d437144f70,El Deafo
331f1d0c-535b-4df7-af14-9a2d58478eda,Eight Hundred Grapes
7d995afc-db49-4521-bdf2-9840e0788a07,Eaternity: More than 150 Deliciously Easy Vegan Recipes for a Long, Healthy, Satisfied, Joyful Life
774f0ea3-455d-445b-a0d3-d9e92d4cbd4f,Eat Fat, Get Thin
39a4854f-20dc-47fd-959a-899284d04816,Don't Get Caught
7b1d89bc-62cf-4674-a428-121840c8ecf9,Doctor Sleep (The Shining #2)
48574654-8f28-48fb-9ca2-9b6795509839,Demigods & Magicians: Percy and Annabeth Meet the Kanes (Percy Jackson & Kane Chronicles Crossover #1-3)
a1595a98-5142-40da-b504-be662b5bcc2e,Dear Mr. Knightley
87574a13-0913-4fb2-85a9-1b18d8337414,Daily Fantasy Sports
5193c0c0-d2f8-4b26-9fbf-12a14b140271,Crazy Love: Overwhelmed by a Relentless God
af863347-67fd-48bf-b754-b069d2802dda,Cometh the Hour (The Clifton Chronicles #6)
8903bce0-2e04-44a3-b8a5-d390da7b92b7,Code Name Verity (Code Name Verity #1)
1d7c9323-6392-4feb-b98c-4b3c5c14f70b,Clockwork Angel (The Infernal Devices #1)
f4cfa545-6465-48c8-ba6e-b9d3e79cab02,City of Glass (The Mortal Instruments #3)
50eb60b0-ad41-4c73-91a6-9e5a6bb0ac6c,City of Fallen Angels (The Mortal Instruments #4)
1e4ac612-7273-4594-abc2-45e1e29c2edd,City of Bones (The Mortal Instruments #1)
dcf73c35-c9a6-4b85-96f0-1914185ac3d4,City of Ashes (The Mortal Instruments #2)
acd5a9df-a9b4-4775-b98a-4bbfe7d30202,Cell
78202655-5926-4b91-aedb-0af920f433e7,Catching Jordan (Hundred Oaks)
46c00631-bd08-4c1b-9f1f-9a249ee4afee,Carry On, Warrior: Thoughts on Life Unarmed
2ca17ded-5ad7-4a12-a362-b8111ac4de5a,Carrie
f66f1f69-b29f-4e14-b07a-cb7bb8562ee9,Buying In: The Secret Dialogue Between What We Buy and Who We Are
4d44a3cb-f97e-4ac5-af45-8eb97438de87,Brain on Fire: My Month of Madness
da05f6c6-0cf5-4f4b-aa37-5d38807be155,Batman: Europa
35b4e1ae-3b17-4e7c-ab6f-fcda945958e3,Barefoot Contessa Back to Basics
a6181e3f-fe5a-4536-bf16-c9d5b49db3cf,Barefoot Contessa at Home: Everyday Recipes You'll Make Over and Over Again
061d2617-6de4-4ffa-80eb-e6230c37b228,Balloon Animals
74aa1dd0-d06c-4a0d-b06a-0029f49d0f2a,Art Ops Vol. 1
7e4661fb-f8a7-475b-ac21-73b2a9db6c0a,Aristotle and Dante Discover the Secrets of the Universe (Aristotle and Dante Discover the Secrets of the Universe #1)
f46c1678-149d-403e-9925-7410594bf9da,Angels Walking (Angels Walking #1)
86df8b24-352b-4523-a152-1391061f2917,Angels & Demons (Robert Langdon #1)
0582cc00-2101-4ad3-85d1-89c2362a7a32,All the Light We Cannot See
7ed05090-2e40-4f37-8082-0ee35b26a86d,Adulthood Is a Myth: A Sarah's Scribbles Collection
e59faec8-5596-4cf2-9e02-7e390b912ec7,Abstract City
784a6fb9-4158-4366-902a-ccd5b087f191,A Time of Torment (Charlie Parker #14)
82234c60-b50b-4326-a83e-9adaa6523682,A Study in Scarlet (Sherlock Holmes #1)
659c2fb6-1c9f-457a-9056-986aab7622ac,A Series of Catastrophes and Miracles: A True Story of Love, Science, and Cancer
2fb5f7a2-1182-4bc8-a846-e4d9cbb28439,A People's History of the United States
c194d1a6-cb34-4c10-8f56-993551c00a5c,A Man Called Ove
2b373594-d022-4473-b3a6-484c986f88e6,A Distant Mirror: The Calamitous 14th Century
bc143408-db93-4859-b758-1b111acef5ed,A Brush of Wings (Angels Walking #3)
3638bf4d-fe33-4416-9adc-49e79aae12ed,1491: New Revelations of the Americas Before Columbus
e56a4f34-2c16-432d-8259-4cbcc960ab8b,The Three Searches, Meaning, and the Story
ef07fcc2-57d4-46b9-a48b-e852e72f6787,Searching for Meaning in Gailana
ad2b8880-09e8-4d46-b115-bcb2bfcbb9c6,Rook
49e12a94-0827-4647-9c87-60a1427f90f1,My Kitchen Year: 136 Recipes That Saved My Life
8c0896e8-5a49-438c-a2bb-95436e63af9e,13 Hours: The Inside Account of What Really Happened In Benghazi
9d9c13e6-a44f-4f3e-9fe6-62254fc15ec4,Will You Won't You Want Me?
18c42347-05c3-47a2-b754-7c84116ff2c0,Tipping Point for Planet Earth: How Close Are We to the Edge?
d6f90d95-5057-4d1f-b5c8-c9c838f09e14,The Star-Touched Queen
6345c886-7d41-4a49-a517-9b6ce775cb3f,The Silent Sister (Riley MacPherson #1)
53ad7139-862c-4346-ad36-8e2495c2728c,The Midnight Watch: A Novel of the Titanic and the Californian
c415bbcd-bb7a-4761-a267-1d3417c012c7,The Lonely City: Adventures in the Art of Being Alone
8ad47d41-ac55-4cbf-a254-505ecd07eb73,The Gray Rhino: How to Recognize and Act on the Obvious Dangers We Ignore
e0020ea5-6d6e-49c5-85be-f04f10d5feb8,The Golden Condom: And Other Essays on Love Lost and Found
4c0ad3c0-2537-4955-8d74-0c237a15f939,The Epidemic (The Program 0.6)
4c62ad08-a929-4473-a3e7-8bf91326a69e,The Dinner Party
032209e4-8f18-40bc-98b0-29be176f37d6,The Diary of a Young Girl
69d10a29-a2e2-4e97-9274-306a1ec49475,The Children
4a38ff6b-4b36-41b7-b67b-7799c6aaf32b,Stars Above (The Lunar Chronicles #4.5)
4d2f6ab4-a588-4f56-885d-4baba6466482,Snatched: How A Drug Queen Went Undercover for the DEA and Was Kidnapped By Colombian Guerillas
a247b8b9-5ab8-4ada-8154-92040b353bc0,Raspberry Pi Electronics Projects for the Evil Genius
c9868fd7-1c25-4f53-a0ce-0aadf659f664,Quench Your Own Thirst: Business Lessons Learned Over a Beer or Two
7ccebcbb-0b2e-40c2-a94b-f9a3156f7de1,Psycho: Sanitarium (Psycho #1.5)
c94bb013-a424-4d64-8508-765e0bed41b2,Poisonous (Max Revere Novels #3)
14ab54ac-097f-4489-9146-18ac55498fd8,One with You (Crossfire #5)
3c6d420e-6f0e-401c-bbe5-5dcce3d3271a,No Love Allowed (Dodge Cove #1)
cf44c570-1868-4166-9f08-d73c83319194,Murder at the 42nd Street Library (Raymond Ambler #1)
0bd8fd94-98e9-43ea-97df-fd4111e958b0,Most Wanted
cfe4ff8f-ce80-46f8-a973-329e3e3d3a54,Love, Lies and Spies
31073618-7093-49a8-a70f-406d59bcab1a,How to Speak Golf: An Illustrated Guide to Links Lingo
06f8312d-43e7-4fd6-b63d-8fbf5929a2ac,Mothering Sunday
7b5cb128-3dd0-4e6f-8576-bc8b93a8cb24,Mother, Can You Not?
3a87fe73-ba61-41ca-b48c-7be77a17accc,M Train
c148bcef-da69-42d1-a4e9-59a6a44ccecc,Lilac Girls
e0ccbeda-606e-4abc-97b7-08b82b348afd,Lies and Other Acts of Love
2b55eda3-96fa-4712-b01d-90225b520a7c,Lab Girl
f0603b92-a173-464b-89ec-e86215aa20c6,Keep Me Posted
fb6168c8-3d88-4579-82d2-e1890142c4d8,It Didn't Start with You: How Inherited Family Trauma Shapes Who We Are and How to End the Cycle
6fba98f8-7e2e-4cac-864f-1c9ed96c0477,Grey (Fifty Shades #4)
f2b3d59d-2e88-4d5d-901f-7bb93c8f98b0,Exit, Pursued by a Bear
c2bb1f99-46b6-4bf9-be95-dd4cde3ba46e,Daredevils
7c250a98-d093-4abb-b661-b1cbf3982cb2,Cravings: Recipes for What You Want to Eat
ba26e4ff-48cd-4a14-930d-ba1c80770241,Born for This: How to Find the Work You Were Meant to Do
c0efb745-679c-49b7-a42d-c37cdb500821,Arena
fee25a32-cba0-4a04-8112-3265d1275d0f,Adultery
45767ea7-eacf-4c11-807a-eef2d19d457b,A Mother's Reckoning: Living in the Aftermath of Tragedy
e953d581-82ab-458a-a28e-d9eb2584fb4a,A Gentleman's Position (Society of Gentlemen #3)
91f172c2-682b-4071-8cec-6add91d5bce3,11/22/63
963da48c-9bf0-46f1-bd10-3465e3370719,10% Happier: How I Tamed the Voice in My Head, Reduced Stress Without Losing My Edge, and Found Self-Help That Actually Works
a96dc7a1-7dae-4288-bc65-314b03d7bf4c,10-Day Green Smoothie Cleanse: Lose Up to 15 Pounds in 10 Days!
382ea333-db08-473a-bb7f-65ee8cd9f462,Without Shame
3c255ed2-4629-4b88-9d92-92acacd413f6,Watchmen
46a6374e-3b5b-4a99-9fc2-aa7f251f92b6,Unlimited Intuition Now
698e2e26-939b-4697-8d6a-054b09b61747,Underlying Notes
e0a24453-efd6-47a8-8a20-ca0152373d6e,The Shack
53e03ae3-9d59-4b71-8387-ba04c5886dfb,The New Brand You: Your New Image Makes the Sale for You
4a82e924-d297-4a0b-a589-fce1c33dbe3f,The Moosewood Cookbook: Recipes from Moosewood Restaurant, Ithaca, New York
fdc86699-b77f-40ce-a40e-b3e00192b974,The Flowers Lied
57647c24-d0ee-463a-8c5f-951c97c2145e,The Fabric of the Cosmos: Space, Time, and the Texture of Reality
2a103459-0d7e-4eee-8ab4-69fe0e11e0ce,The Book of Mormon
47ef6eba-a1d0-4ffb-8f79-5c70a27a9f46,The Art and Science of Low Carbohydrate Living
d1b23bc4-e7c1-4144-8ad4-bda793e13129,The Alien Club
5cbd0f44-4b2a-44d3-99c0-cbea7886960c,Suzie Snowflake: One beautiful flake (a self-esteem story)
03c7d671-ef18-4359-88dd-25b0168825e9,Nap-a-Roo
17d04bb8-1953-4da2-8731-a9b43743a8f3,NaNo What Now? Finding your editing process, revising your NaNoWriMo book and building a writing career through publishing and beyond
5d5f969b-cca7-4269-925a-8bd0910c7e63,Modern Day Fables
8940953a-ff2e-43a9-82ca-5516d26ce9ca,If I Gave You God's Phone Number....: Searching for Spirituality in America
a696f1c0-a3e0-43e4-87f5-8f0d0c96177c,Fruits Basket, Vol. 9 (Fruits Basket #9)
305341f7-c8a3-4414-9f17-b2f91a1cc737,Dress Your Family in Corduroy and Denim
9ec6bebb-57df-4215-917f-ddef34286b09,Don't Forget Steven
53fc0f49-8edb-45fe-8ad3-db7298bfdf65,Hide Away (Eve Duncan #20)
89be30a7-0901-4851-8307-ef370476b9d3,Furiously Happy: A Funny Book About Horrible Things
7696ec3c-c582-415a-9fc3-7cfd71b5aa89,Everyday Italian: 125 Simple and Delicious Recipes
1868827b-b2b7-4ed1-8b04-e2801dea05fe,Equal Is Unfair: America's Misguided Fight Against Income Inequality
35eb312b-64f1-4e84-ac2d-8073649bed33,Eleanor & Park
7fca705e-f09b-4585-8459-b9b472b0bfdd,Dirty (Dive Bar #1)
4cadc158-7f0e-4701-bfe7-46044d9cb6be,Can You Keep a Secret? (Fear Street Relaunch #4)
b00ef770-8bf9-4295-9cfc-553972b91021,Boar Island (Anna Pigeon #19)
dfdba30e-ccf6-4eed-84aa-6790209fd135,A Paris Apartment
fc99cac0-da89-4ac4-a3fa-e0f785d556cc,A la Mode: 120 Recipes in 60 Pairings: Pies, Tarts, Cakes, Crisps, and More Topped with Ice Cream, Gelato, Frozen Custard, and More
a49678e2-4823-4a05-bfdf-c9f020acd3b1,Troublemaker: Surviving Hollywood and Scientology
7a5e4ccd-3593-4fab-8c7e-f8dcefcfb601,The Widow
cbf64ef0-75cd-4794-a373-700f8187a7dd,The Sleep Revolution: Transforming Your Life, One Night at a Time
419e317c-c748-4abf-8d9b-b988c2dc846e,The Improbability of Love
96b63e97-090d-47f1-a727-5efcba2247b9,The Art of Startup Fundraising
94c1d0fc-a77f-4e4d-8646-bdcb5787101d,Take Me Home Tonight (Rock Star Romance #3)
753a3711-752f-428f-ab9b-cc72d017ffef,Sleeping Giants (Themis Files #1)
3e966d7c-daf0-45ea-a7ef-06b19d7785a5,Setting the World on Fire: The Brief, Astonishing Life of St. Catherine of Siena
53365f7f-84af-4d91-b207-6e39bccc7e5c,Playing with Fire
994c94c0-7170-4b5c-ad9f-b29d7ebd6de3,Off the Hook (Fishing for Trouble #1)
0d3b3620-085f-448f-a0e2-0e545335e50a,Roller Girl
62417440-9b0a-4053-a681-5476ddc83691,Rising Strong
0d690cff-a2b7-4d8c-a984-5589c5daa913,Proofs of God: Classical Arguments from Tertullian to Barth
15717e80-1b35-4b85-8b32-aac3ffbb5652,Please Kill Me: The Uncensored Oral History of Punk
5e702392-3723-4e16-810f-ae308b9205c0,Out of Print: City Lights Spotlight No. 14
fc87ff8c-9b31-4008-96ed-a13443839642,My Life Next Door (My Life Next Door )
480465bd-5108-4551-bd26-a8d8e306cfeb,Miller's Valley
8790e634-2cd9-4fc2-aa6a-5e6b7bc21d66,Man's Search for Meaning
49704eeb-37fb-4b3d-b4f2-c7bce518fd6d,Love That Boy: What Two Presidents, Eight Road Trips, and My Son Taught Me About a Parent's Expectations
9eaf6191-f3d4-45b4-9121-da0b2c0b23b9,Living Forward: A Proven Plan to Stop Drifting and Get the Life You Want
128d3d49-d675-4d54-b4e4-86e5027a92dc,Les Fleurs du Mal
8b08f0ab-a764-4834-8e89-fb7045da406a,Left Behind (Left Behind #1)
d0d9e063-9b7f-4e13-88c4-d29c93b63636,Kill 'Em and Leave: Searching for James Brown and the American Soul
30eabb16-58b3-4709-a8fb-70dc2435c075,Kierkegaard: A Christian Missionary to Christians
a796f7b9-e4f3-4abf-927f-b6bfbad3c92f,John Vassos: Industrial Design for Modern Life
fcb31ab8-1412-4733-957e-77ec3d24cec4,I'll Give You the Sun
f66591f9-578f-4571-91e6-032d995ba253,I Will Find You
e93b0703-0e6d-4900-a03c-ec8cd2761f83,Hystopia: A Novel
ae4b35f9-135b-4250-8866-e919709b8209,Howl and Other Poems
c1fb0d64-79b8-48f6-8e0b-e6dc19e85bc2,History of Beauty
46736f67-98f5-4dfe-b301-c4f3f48923f0,Chernobyl 01:23:40: The Incredible True Story of the World's Worst Nuclear Disaster
e305958b-3948-442f-8c85-5bd3a03aed4d,Art and Fear: Observations on the Perils (and Rewards) of Artmaking
91d31410-7642-4127-a566-670bf0405ebd,A Shard of Ice (The Black Symphony Saga #1)
b979475f-e0a0-4f48-b9d8-3d0b9e92c91b,A Hero's Curse (The Unseen Chronicles #1)
5ccbd0b0-047f-4736-b1a8-f046a7658261,23 Degrees South: A Tropical Tale of Changing Whether...
7abbc055-2e1d-47a9-bcef-f35bd8b9746a,Zero to One: Notes on Startups, or How to Build the Future
cb8f7df5-f717-493d-b5b1-bb9090df5fa4,Why Not Me?
efaf65b5-6c98-4ab5-9c40-824fef9ed3f1,When Breath Becomes Air
ae03b46a-d116-4eab-8711-e6a43270bb0c,Vagabonding: An Uncommon Guide to the Art of Long-Term World Travel
cbb06a6d-11d7-4849-a346-9b637d4909ee,The Unlikely Pilgrimage of Harold Fry (Harold Fry #1)
ccfbb26d-b063-41ad-9dec-d9ecd26132d3,The New Drawing on the Right Side of the Brain
96d05bea-0269-4c8a-8897-0d04e041ac9e,The Midnight Assassin: Panic, Scandal, and the Hunt for America's First Serial Killer
958233b2-039c-4847-a30b-215b2aaf789a,The Martian (The Martian #1)
8d2f134d-dc97-41e6-bccf-d289671d6f0c,The High Mountains of Portugal
ed905221-3f2c-4d90-a261-ebd50b232473,The Grownup
c384b935-ff1b-40fa-873b-590d0e4530ab,The E-Myth Revisited: Why Most Small Businesses Don't Work and What to Do About It
e3a880d3-81ce-4a7c-a8f1-0081c80e7166,South of Sunshine
b7382b93-28f6-4cac-a59f-6878582de807,Smarter Faster Better: The Secrets of Being Productive in Life and Business
16caccc5-03e8-4c68-bad4-8aa513298d6d,Silence in the Dark (Logan Point #4)
a190a3f6-5165-4c14-9fa9-115def458378,Shadows of the Past (Logan Point #1)
eb3f5cbb-b220-48a2-baa1-1173bc594be8,Heaven is for Real: A Little Boy's Astounding Story of His Trip to Heaven and Back
5d7e7dc2-6cab-499e-b054-5633bc59871b,Future Shock (Future Shock #1)
ce0f12a1-9c01-458e-aca5-fc6d30da7f13,Ender's Game (The Ender Quintet #1)
7e4c6b53-531f-4d78-95c0-e02b4069b332,Diary of a Citizen Scientist: Chasing Tiger Beetles and Other New Ways of Engaging the World
b24cb988-7bc6-40fa-b5da-6cf89fcac72a,Death by Leisure: A Cautionary Tale
d87da8da-3db1-45e1-b0c7-702012097609,Brilliant Beacons: A History of the American Lighthouse
f31b7d74-d949-40de-8d1f-caa43cdf7ad9,Brazen: The Courage to Find the You That's Been Hiding
f1bc9e20-5b96-4324-bfc0-af899b8f3f56,Between the World and Me
66affef1-13a7-4e73-a20d-8cb300f9f6ec,Being Mortal: Medicine and What Matters in the End
fc79005d-ada3-4c0f-b948-fe01a8e06038,A Murder Over a Girl: Justice, Gender, Junior High
cfe8a96b-78bf-4f6a-a0c3-c11d7fa45ac9,32 Yolks
1cd22434-7de6-4654-80e5-c3a00ff5e921,Most Blessed of the Patriarchs: Thomas Jefferson and the Empire of the Imagination
ab12f40f-f0e1-441b-8cd3-0b5afa602016,You Are a Badass: How to Stop Doubting Your Greatness and Start Living an Awesome Life
6461fabe-6928-49ec-93d9-72ea22971430,Wildlife of New York: A Five-Borough Coloring Book
4889c810-1ea9-4fe5-a1fc-2f4cca135dea,What Happened on Beale Street (Secrets of the South Mysteries #2)
2a877bf7-31e2-432b-809e-19ce11a2151e,Unreasonable Hope: Finding Faith in the God Who Brings Purpose to Your Pain
336858f9-e470-4984-a1e4-af3af2aa7130,Under the Tuscan Sun
2c8701d7-10cf-49c8-8b9d-f6a809f14284,Toddlers Are A**holes: It's Not Your Fault
92d7aaa3-56dc-4d2b-8a61-38e57813eb9f,The Year of Living Biblically: One Man's Humble Quest to Follow the Bible as Literally as Possible
c85fbe8c-e418-4236-8008-5045ecde765e,The Whale
21293c9b-6e0c-443d-8d77-b4affeaf0796,The Story of Art
179b3888-f401-4aba-81e8-fca67b91ec66,The Origin of Species
6dff1723-8f2f-476c-b979-8512a492a3ab,The Great Gatsby
c891982a-18f9-4240-bb25-ed6b759dffd7,The Good Girl
4c377cfa-d38d-4c89-9f32-9e8143e85f78,The Glass Castle
efa3589f-9c37-4665-b46f-1059e69c8362,The Faith of Christopher Hitchens: The Restless Soul of the World's Most Notorious Atheist
e48871db-69a1-4088-8b03-c05a4c3c9bce,The Drowning Girls
5c887d35-a479-4a51-8085-aea993f875d5,The Constant Princess (The Tudor Court #1)
6087f4f3-6308-4d86-82ed-f622933b9678,The Bourne Identity (Jason Bourne #1)
0f0e8677-d0ae-4fef-ade2-2d067e7acd70,The Bachelor Girl's Guide to Murder (Herringford and Watts Mysteries #1)
cbb1540c-9f66-4e40-a501-9459aee640a7,The Art Book
8f8bc72e-2cc7-41c3-8dae-011e7892c337,The 7 Habits of Highly Effective People: Powerful Lessons in Personal Change
9a6e8c66-951e-4c36-9b60-2c35b78ab564,Team of Rivals: The Political Genius of Abraham Lincoln
a9c3fa42-ad8f-4ddc-98b6-3e9e6e007aa9,Steal Like an Artist: 10 Things Nobody Told You About Being Creative
233c8f16-0333-450a-8c15-cc9421113591,Sit, Stay, Love
c2986ba8-136e-4d98-a3c9-25938debd66f,Sister Dear
e5cba152-c12a-4bff-9a07-e38d92bc03a4,Shrunken Treasures: Literary Classics, Short, Sweet, and Silly
aafa92fc-518a-4f47-96c2-31ea92715c52,Rich Dad, Poor Dad
7323c098-6a28-40ad-8b91-1d8400a243ac,Raymie Nightingale
2e9117dd-fd09-46d5-a11b-703192c6d475,Playing from the Heart
f818f90e-7cf0-412a-8561-4e892f5c8909,Nightstruck: A Novel
b0b5c324-4535-4036-a6b4-dcba6f396e42,Naturally Lean: 125 Nourishing Gluten-Free, Plant-Based Recipes--All Under 300 Calories
224e4b75-6a80-4302-9096-8d5f7113cd69,Meternity
342f0476-fcc2-4b7a-81ea-6838e1303a33,Memoirs of a Geisha
8561c312-f084-4091-b760-58376b8216f0,Like Never Before (Walker Family #2)
1947c600-9765-4780-8179-a60159d44c40,Life of Pi
c684db9c-7493-4cc6-aac2-2bd11282d554,Leave This Song Behind: Teen Poetry at Its Best
68b3082f-464e-4fdb-b175-7149404d2494,King's Folly (The Kinsman Chronicles #1)
484f097b-48e8-4901-a311-f8d2d89b83f7,John Adams
cde5cdbb-c531-4804-9a66-61b1b96e186c,How to Cook Everything Vegetarian: Simple Meatless Recipes for Great Food (How to Cook Everything)
76e54238-72a3-41f8-b617-da3ddf40b79a,How to Be a Domestic Goddess: Baking and the Art of Comfort Cooking
44480b98-5972-4c3d-ae76-54ad162410fe,Good in Bed (Cannie Shapiro #1)
3bbe1f29-28fd-406f-9eab-7407ec513e96,Fruits Basket, Vol. 7 (Fruits Basket #7)
f141dcd3-c8a1-4d0e-ae9a-8da22907d3fb,For the Love: Fighting for Grace in a World of Impossible Standards
0fbc6be8-55ff-4d87-a92e-80e4dd86668c,Finding God in the Ruins: How God Redeems Pain
c7755001-e388-460e-83f5-34c4dfdc09c0,Every Heart a Doorway (Every Heart A Doorway #1)
f8ef6fb1-a3e5-4285-b4f1-f61937ade647,Delivering the Truth (Quaker Midwife Mystery #1)
b739387b-b1c6-405e-a568-633fcac7cf43,Counted With the Stars (Out from Egypt #1)
681cd34f-0295-4874-af80-3ab960a7ad18,Chronicles, Vol. 1
e6ba437e-5cae-4175-8694-a67bb142c850,Blue Like Jazz: Nonreligious Thoughts on Christian Spirituality
0d2425b2-0f9a-4324-9fcd-965941ab9ebf,Benjamin Franklin: An American Life
82977a3c-867b-490a-8db0-8a885077ed78,At The Existentialist Café: Freedom, Being, and apricot cocktails with: Jean-Paul Sartre, Simone de Beauvoir, Albert Camus, Martin Heidegger, Edmund Husserl, Karl Jaspers, Maurice Merleau-Ponty and others
2ad6fffb-799e-41d2-847f-3e4fa72b8aae,A Summer In Europe
819e2b80-a4ed-46db-98fa-54cc26ee25cb,A Short History of Nearly Everything
44c4a501-dda2-425d-ae9c-487c48396f07,A Gathering of Shadows (Shades of Magic #2)
5b1473d9-a542-428c-b967-716ad1e47e3a,The Sound Of Love
0ae12547-3027-4cce-aa9a-a6b65bf7a2ad,The Rise and Fall of the Third Reich: A History of Nazi Germany
34e9904f-cfd5-4b69-9da8-31dcac965e54,The Perks of Being a Wallflower
56eaf9f6-596d-47ea-ace4-4a98b74d9a02,The Mysterious Affair at Styles (Hercule Poirot #1)
177f22db-f960-4f1e-991b-abac3d7579fc,The Man Who Mistook His Wife for a Hat and Other Clinical Tales
56021a5b-c21e-497c-aaac-addc4c0b416d,The Makings of a Fatherless Child
26868ff0-b0ec-490a-a65b-6fd417125277,The Joy of Cooking
2686058e-b14c-468b-878e-9e38a48e3fef,The Invention of Wings
20ca4ffd-83c8-44ad-b82a-fe4ee5a9ae6d,The Hobbit (Middle-Earth Universe)
3313a3d0-9386-4711-a9e5-504aeb4bf02b,The Great Railway Bazaar
42e13004-8fba-4f73-b121-f353e8d5d452,The Golden Compass (His Dark Materials #1)
83016a15-5727-4035-93cc-dc304167742a,The God Delusion
fb6d0659-0931-4a64-95ce-3bd0f8509092,The Girl You Left Behind (The Girl You Left Behind #1)
9e1b5034-0883-433f-8e80-8b5fb600bf8b,The Fellowship of the Ring (The Lord of the Rings #1)
8a8aa6fa-16bc-427c-a2c9-77d9f1eff7b5,The Collected Poems of W.B. Yeats (The Collected Works of W.B. Yeats #1)
a79636a9-1b30-4aa2-8069-ebd847a62c75,Isla and the Happily Ever After (Anna and the French Kiss #3)
2ce2aa7c-ae03-4607-b18d-0bf076d24b53,If I Stay (If I Stay #1)
64678aff-2100-4be0-b325-c86e0af42d79,I Know Why the Caged Bird Sings (Maya Angelou's Autobiography #1)
f3acd0a7-b05d-44ed-9d60-7dcd2520efed,Harry Potter and the Deathly Hallows (Harry Potter #7)
a70d86a1-22d4-463f-a6b8-930c1f3232a4,Fruits Basket, Vol. 5 (Fruits Basket #5)
ac5f9942-f3ce-4e06-9fed-94991095e426,Foundation (Foundation (Publication Order) #1)
fec1d4ba-54e2-4c27-99af-293d8136cca5,Fool Me Once
0d4b589a-7ff2-4ffe-8837-548eaf7e3baf,Find Her (Detective D.D. Warren #8)
45eacc7f-ef8b-406a-9f67-cd44ee6feaee,Evicted: Poverty and Profit in the American City
7c98eb10-bcc2-4f16-b17e-3729476cc17c,Drama
1cc94779-fc61-4d83-b34e-32095d77d998,Dracula the Un-Dead
4c543e9e-b374-4bcd-a146-bb724c791971,Digital Fortress
2ed3c536-c417-4909-8f6e-ffa8aea5bcc4,Death Note, Vol. 5: Whiteout (Death Note #5)
4d6c9f07-46e1-482f-bc88-413d0c5f6eb2,Data, A Love Story: How I Gamed Online Dating to Meet My Match
f1a280ba-0837-4ed6-af62-5c6a8bd53a45,Critique of Pure Reason
1f285e5e-afab-4c0a-9d7c-015de11d7f88,Booked
a08a0db5-f7b6-4183-bc74-d4181c34b4e3,Blue Lily, Lily Blue (The Raven Cycle #3)
abda17a9-24c5-4780-8d48-04daa7c4a418,Approval Junkie: Adventures in Caring Too Much
e3e6cb01-d198-40ed-8842-f7bdf3fe71e2,An Abundance of Katherines
b6b8b43b-6875-4add-b681-698bc9c24d00,America's War for the Greater Middle East: A Military History
563fd98a-4a26-4744-975e-59b1d120d6d0,The Barefoot Contessa Cookbook
d608c0fd-b4cb-45d8-9562-e25b9b8cf7bb,Tell the Wolves I'm Home
208f25fa-d75e-4f16-b7cb-c0621b0f73fc,Ship Leaves Harbor: Essays on Travel by a Recovering Journeyman
64fc9738-fe3d-4275-bfbf-67a4bb0985d3,Pride and Prejudice
7e2551fc-3592-40e0-8b31-d65f4b6bc1ad,Musicophilia: Tales of Music and the Brain
e56ba88a-c6b8-41a8-9748-26217920c814,Mere Christianity
48dae741-85ea-4e7c-b30d-7cc249f8ece8,Me Before You (Me Before You #1)
5fb61811-30b7-4b4c-93bf-ae3d88010e54,In the Woods (Dublin Murder Squad #1)
c7e6b8f3-7f6d-4116-adc4-154aec145984,In Cold Blood
10c017d2-1d8b-46f2-bb04-780600180356,How to Stop Worrying and Start Living
8b644d1b-406c-43d0-b4cb-2cd711b10d0f,Give It Back
7885eae1-74ab-4e61-8586-187e662bf63e,Girl, Interrupted
69916caa-e5f3-43c6-9e34-5064cc576dc9,Fun Home: A Family Tragicomic
41597063-0812-4004-bf8c-73a9fe889e68,Fruits Basket, Vol. 6 (Fruits Basket #6)
0f784563-2a4c-42dd-a926-69bd1061b344,Deception Point
ad8fac97-581a-415d-b84c-540f9ba2a473,Death Note, Vol. 6: Give-and-Take (Death Note #6)
c299e972-7fe9-4c39-8ea0-82d63a47c459,Catherine the Great: Portrait of a Woman
c189bb84-5932-4388-979a-72593f6751aa,Better Homes and Gardens New Cook Book
a545f5b1-9a53-4a9c-bc30-e98977310069,An Unquiet Mind: A Memoir of Moods and Madness
118e42fc-62a1-4285-bf2f-4e156978d40a,A Year in Provence (Provence #1)
ffc0f180-8055-4e6c-8cfb-198e02f460de,The Dream Thieves (The Raven Cycle #2)
98015e81-c7dc-4337-9d04-88108fefaac5,The Darkest Corners
207f4ed2-c815-4464-8dba-cffe4f2b32dd,The Crossover
33c6841f-cc4c-4606-a24c-6cf814c3e8db,The 5th Wave (The 5th Wave #1)
a35701e1-3d57-4608-bbe7-4e5a66d8a0cb,Tell the Wind and Fire
c30f1aa3-14c4-4e1d-88d3-7ba19e73aef6,Tell Me Three Things
7e0e8d9a-469a-49a5-9efd-2b8f7ae2d821,Talking to Girls About Duran Duran: One Young Man's Quest for True Love and a Cooler Haircut
8bf200d8-f3a7-493b-ba4f-36de3b2fbda1,Siddhartha
c7aa299d-4515-443e-8cc1-e354574c264c,Shiver (The Wolves of Mercy Falls #1)
81aaf2f9-c82c-444b-9c1a-7e0e138454ed,Remember Me?
8b26c719-6ea7-41e4-ba1b-35c805713cf2,Red Dragon (Hannibal Lecter #1)
5c29fc0d-33f1-48e3-93d2-b5e95c54d18a,Peak: Secrets from the New Science of Expertise
dfed8905-326e-403f-af8b-2350e4d77442,My Mother Was Nuts
62ffe708-1937-4e89-8c47-4c76a282795a,Mexican Today: New and Rediscovered Recipes for Contemporary Kitchens
7ee834a2-ddaa-4cc6-bce4-1891a7244a8f,Maybe Something Beautiful: How Art Transformed a Neighborhood
9d004726-0827-4f08-80a7-24837386a79e,Lola and the Boy Next Door (Anna and the French Kiss #2)
7530efb3-d840-4fee-925e-6dc50a80f9a3,Logan Kade (Fallen Crest High #5.5)
d4391406-60ab-4d1a-9c25-fb4fedacde5b,Last One Home (New Beginnings #1)
09a0be3f-739b-4ca5-a9bf-e7396b005ba6,Killing Floor (Jack Reacher #1)
89d4b2e9-a1e3-485c-8d72-40e75fe1f699,Kill the Boy Band
1f0d7f91-0818-4235-bed1-9f4e2640427b,World Without End (The Pillars of the Earth #2)
693226f8-37bf-4e09-841c-7693a34f82c1,Will Grayson, Will Grayson (Will Grayson, Will Grayson)
8e34d4d7-65dd-4d24-908e-e4cfacd5fce1,Why Save the Bankers?: And Other Essays on Our Economic and Political Crisis
30a0bba7-069e-41d0-b0be-d17f4268adb8,Where She Went (If I Stay #2)
ae1c42b8-ce6e-4498-867b-5351c2f4068a,What If?: Serious Scientific Answers to Absurd Hypothetical Questions
fc0b83da-ff0b-4d94-8981-a6ca15ef83ec,Two Summers
8d2f0f49-6a09-4479-b4b8-aabfabd4b50b,This Is Your Brain on Music: The Science of a Human Obsession
b80d446a-543a-4ff2-89b6-ed498ed6afe2,The Secret Garden
5a31895b-8d28-4e4e-85ea-7b249d4b4e00,The Raven King (The Raven Cycle #4)
a51066ed-96be-490c-acb7-a2a6ea243956,The Raven Boys (The Raven Cycle #1)
55c3958a-8367-44aa-ae7a-f8dd9f99f838,The Power Greens Cookbook: 140 Delicious Superfood Recipes
1da78b5a-4663-4d40-83f1-80aed6407097,The Metamorphosis
604a5e84-f469-4035-9753-f6618b40f30d,The Mathews Men: Seven Brothers and the War Against Hitler's U-boats
b8f419e8-36ef-4cd7-8878-051cc7d13fb7,The Little Paris Bookshop
eaca1520-58f2-44c1-b86f-848502a08b95,The Hiding Place
3c56c28f-17e6-4d8c-ad6f-e32550b74f4f,The Grand Design
103607bc-c7b0-4da2-af2e-ebfc51279fa7,The Firm
f138a1ed-4201-479e-9469-df840c536122,The Fault in Our Stars
4d16e99e-98eb-4649-86e0-5160bf0f74b8,The False Prince (The Ascendance Trilogy #1)
6197378e-2d09-4534-bbad-f7c40fa6c79c,The Expatriates
197e5d87-6269-4ad4-81ae-b4abec9ffc92,Alight (The Generations Trilogy #2)
2c7e7737-dbae-4be0-8859-a958a237b2b9,A Girl's Guide to Moving On (New Beginnings #2)
a9e33ad9-4004-419c-ab34-5c72b2923d03,A Game of Thrones (A Song of Ice and Fire #1)
0930e0a2-d2bc-416c-8d97-37b7ee53753c,A Feast for Crows (A Song of Ice and Fire #4)
2d4a6429-29be-45c0-b683-c5cd045e4541,A Clash of Kings (A Song of Ice and Fire #2)
85e73012-5dee-4ec3-a605-901ddafbbec0,Vogue Colors A to Z: A Fashion Coloring Book
72600409-34e9-4cf1-b6da-e25b2645f0d0,The Shining (The Shining #1)
5069adbb-983c-4b59-8a2a-7eb0b5058cde,The Pilgrim's Progress
a24d78bb-6f95-4bff-afd2-60de333b1a62,The Perfect Play (Play by Play #1)
b0f9a645-ecb8-430f-b83e-16dfdc869e47,The Passion of Dolssa
5233a896-88d2-49b9-b928-f51d3f721e64,The Jazz of Physics: The Secret Link Between Music and the Structure of the Universe
e7db77d2-c8a6-47b6-801c-c3087aecf959,The Hunger Games (The Hunger Games #1)
d62a892b-c1cc-46c7-a5e4-9b06383cfc3a,The Hound of the Baskervilles (Sherlock Holmes #5)
6e4e496d-f6ca-4f2d-b494-507531c1ef80,The Gunning of America: Business and the Making of American Gun Culture
2343ab58-560a-432c-b5dc-36e5c120f6ba,The Geography of Bliss: One Grump's Search for the Happiest Places in the World
3ef9a364-8258-45db-a035-36b66f1a366a,The Demonists (Demonist #1)
160d3a68-2a92-4b74-898b-9d6171ad7842,The Demon Prince of Momochi House, Vol. 4 (The Demon Prince of Momochi House #4)
c3474cd2-be83-4248-8cb9-26d4ac484c4f,The Bone Hunters (Lexy Vaughan & Steven Macaulay #2)
0cee3b14-4767-4cdb-a25c-daa3a569c1aa,The Beast (Black Dagger Brotherhood #14)
1a67d894-48cb-415b-9813-040a80b085c4,Some Women
e483d0fb-3ec1-44ef-9564-8c33abf8a231,Far From True (Promise Falls Trilogy #2)
41e2bc0e-e864-4ed7-a65b-1043d60ba2a2,Dark Lover (Black Dagger Brotherhood #1)
8e97d9ed-da5a-479e-902f-5b0d7e3c891f,Confessions of a Shopaholic (Shopaholic #1)
eba85087-a5df-416b-80ee-d6de14de7ec9,Changing the Game (Play by Play #2)
da8031e9-65fe-4c76-a720-9e8551b8a7a5,Candide
4e5dd081-752a-41cd-a2d1-810c49685a86,Can You Keep a Secret?
0288d23e-90cc-4cc2-bf3f-5d65efe5cdec,Atlas Shrugged
c3559474-4039-41c9-9222-ec738ed726e1,Animal Farm
3dec1a6d-99e1-4b23-bf1c-4b4d06600908,A Walk to Remember
51c88b27-77d2-43e7-9597-d4c171e9645d,A New Earth: Awakening to Your Life's Purpose
404a1e67-060b-47f0-82a7-7d69bee43582,A History of God: The 4,000-Year Quest of Judaism, Christianity, and Islam
1cbdfbad-057e-418b-9a19-58fd7b402198,'Salem's Lot
036d7080-4d1a-4a65-97f5-917c8cb22a1d,Zero History (Blue Ant #3)
e27a1f04-c7ec-43a1-a8d5-5c67ab59487b,Wuthering Heights
dd2ad05a-f0b7-453d-8101-80f7c5116933,World War Z: An Oral History of the Zombie War
2a625efb-0446-42fd-a209-9f2cc9a612d7,Wild: From Lost to Found on the Pacific Crest Trail
02715bd8-130d-4c69-b099-c90e456db8d3,Where'd You Go, Bernadette
6c8f83f6-f2b8-44c3-ab4c-01415a952803,When You Are Engulfed in Flames
8c374e45-3625-474d-9786-8ff7d1391f31,We the People: The Modern-Day Figures Who Have Reshaped and Affirmed the Founding Fathers' Vision of America
5c752eda-35d4-46e6-8063-4054e552a3ac,We Are All Completely Beside Ourselves
b1d2e671-621f-46f7-a536-c8e81328267f,Shopaholic Ties the Knot (Shopaholic #3)
4d8694f7-8dea-45f7-aa1a-7cebded864e0,Paper and Fire (The Great Library #2)
1c0e538b-feae-43c7-856f-cff3ea335ed4,Outlander (Outlander #1)
d6835655-8c86-4e32-8c8b-33fefbf81d1c,Orchestra of Exiles: The Story of Bronislaw Huberman, the Israel Philharmonic, and the One Thousand Jews He Saved from Nazi Horrors
0562f125-f78f-45fe-9e0a-45a86400f3c7,No One Here Gets Out Alive
9cb4eae5-c13b-4546-b3df-5a8f16d4f52d,Night Shift (Night Shift #1-20)
a236cb4b-aa84-46d1-a2f1-bbebc85ac63e,Needful Things
1142f336-4906-45c2-b560-7dadb77e1505,Mockingjay (The Hunger Games #3)
cf9cd086-c528-4038-aa1c-be282e488513,Misery
62e19f2b-0fe3-42c9-9bb2-99faa7e9de21,Little Women (Little Women #1)
30c84598-8b68-4831-a247-37ded5d6dd72,It
752ebe3c-6a8a-415a-b2e6-5d47a2aed9c8,Harry Potter and the Sorcerer's Stone (Harry Potter #1)
77d68f72-0e28-4b1e-b157-27f746ab5e72,Harry Potter and the Prisoner of Azkaban (Harry Potter #3)
133f0a2b-78c1-4217-930b-46a69d4af7d2,Harry Potter and the Order of the Phoenix (Harry Potter #5)
ce68c303-e902-43e4-b992-f83d65b277ae,Harry Potter and the Half-Blood Prince (Harry Potter #6)
9caaf016-88dd-4f77-b82a-7d8b144237e1,Harry Potter and the Chamber of Secrets (Harry Potter #2)
60199693-c2ff-4cd2-8b56-0ddebbf598fb,Gone with the Wind
49e655f3-5520-49db-bdd0-a1a4b2ac4b28,God Is Not Great: How Religion Poisons Everything
21fd9cf1-72e9-4bb1-a162-f41a1e321334,Girl With a Pearl Earring
4e45499f-01f4-44a9-889e-477aceb267ea,Fruits Basket, Vol. 4 (Fruits Basket #4)
7565f4bf-4ce4-4329-ae1e-394cd54c20c9,The Lean Startup: How Today's Entrepreneurs Use Continuous Innovation to Create Radically Successful Businesses
84839abd-0534-4f2d-b9b2-9687c972a38d,The Last Painting of Sara de Vos
c8c96109-4fff-4871-aa33-3e5b5682c513,The Land of 10,000 Madonnas
7ab93db2-edac-4e5e-ba29-59af80e3b578,The Infinities
b39e46a5-e024-4f1a-ab1c-faeaa7ec3198,The Husband's Secret
198c9d41-39c5-440c-b5d9-81bfca462178,The Hitchhiker's Guide to the Galaxy (Hitchhiker's Guide to the Galaxy #1)
114c94f9-ded1-442c-ae93-0c6eec97988b,The Guns of August
cbb493cf-ae85-407e-a7e9-cc747461b1cc,The Guernsey Literary and Potato Peel Pie Society
0c8ebd48-4fc5-4bcc-8eff-dd1d035e3af4,The Goldfinch
3ed53a1b-b7ae-4fdd-9bf4-2bb611dd1954,The Giver (The Giver Quartet #1)
830fdad0-0a58-4839-b582-6d4757d2b20a,The Girl with All the Gifts
6bc07725-c539-44e6-bad4-711fa4f6a4e8,The Girl Who Played with Fire (Millennium Trilogy #2)
03ecd913-a9e5-4d2a-86ae-d83c1cc8c684,The Girl Who Kicked the Hornet's Nest (Millennium Trilogy #3)
4e021dc7-fbde-4ed0-8e5c-9bbff782b182,The Exiled
ff28d926-97dc-47b0-ae7f-23ef6f7d8103,The End of Faith: Religion, Terror, and the Future of Reason
5dd18d15-4ad0-4e61-a837-2e1fc3a7d5fd,The Elegant Universe: Superstrings, Hidden Dimensions, and the Quest for the Ultimate Theory
9f1dfa67-d6bf-4c2e-9580-9a95d29b0f7c,The Disappearing Spoon: And Other True Tales of Madness, Love, and the History of the World from the Periodic Table of the Elements
af39d54c-f31a-4f76-b7fc-689bc74d39de,The Devil Wears Prada (The Devil Wears Prada #1)
6e872e9c-c234-499f-a265-d9a2750cab26,The Demon-Haunted World: Science as a Candle in the Dark
f734b66e-bd33-4cf0-9a5e-450778e4edf2,The Day the Crayons Came Home (Crayons)
bdeb9cee-65da-4688-ac85-8203b96f993d,The Silkworm (Cormoran Strike #2)
c47abbe8-5466-478a-b782-c98d49edf247,The Sandman, Vol. 3: Dream Country (The Sandman (volumes) #3)
e2105056-1bdb-478d-abf9-8bf9f71948ee,The Rose & the Dagger (The Wrath and the Dawn #2)
4cee4c43-fce5-4b49-baa5-36f7da4dd137,The Road to Little Dribbling: Adventures of an American in Britain (Notes From a Small Island #2)
404b4519-fe4a-480f-abac-35c7badb6ee8,The Rise of Theodore Roosevelt (Theodore Roosevelt #1)
17af834b-83e3-4e8a-8a3d-0f0b2a735ef4,The Restaurant at the End of the Universe (Hitchhiker's Guide to the Galaxy #2)
3423df69-5b98-46bb-8292-02f5d436635f,The Rest Is Noise: Listening to the Twentieth Century
7c10ffb9-9591-4adb-bca7-fdce7302d927,The Red Tent
8088510a-45a8-4aa8-a1f8-dbee23429795,The Purpose Driven Life: What on Earth Am I Here for?
16039465-b1b5-490c-9aa1-91c9614ce569,The Purest Hook (Second Circle Tattoos #3)
d62d7d05-e79f-41bd-8dd1-f88ccc90e9b3,The Picture of Dorian Gray
97b19a9c-0ac9-44ae-accc-96be05b6e263,The Paris Wife
7eb4417b-b4db-41c6-862c-9010e8b83fe0,The Obsession
2f3d5e8a-7879-4a70-ab79-5c52a83696c0,The Nightingale
d06ff459-8d30-49a5-b2aa-07a623c97e8b,The New Guy (and Other Senior Year Distractions)
f1a1793d-6d7d-4490-a37a-e3cbefbe962b,The Nanny Diaries (Nanny #1)
665d040f-9053-46d7-a56e-b248dd84b57f,The Name of God is Mercy
5682e94c-d2c1-4ea6-ad11-78e12bfc5be6,The Maze Runner (The Maze Runner #1)
5d8a3670-32ae-4360-ab70-e18eceef28ac,The Lover's Dictionary
b0745d5e-f964-4987-87f4-6edace9e994f,The Lonely Ones
3a3aec89-0a19-4dd0-929b-8054722fdb47,Walk the Edge (Thunder Road #2)
70581a7a-8acd-4ea7-98e8-31d0fbe7df04,Voyager (Outlander #3)
c301b99e-f7ab-43b9-ad32-d8a55a29be8d,Very Good Lives: The Fringe Benefits of Failure and the Importance of Imagination
8ff1e8ca-e799-4211-889f-38b978a14261,Vegan Vegetarian Omnivore: Dinner for Everyone at the Table
85b09ace-7e06-4a8d-904a-d6c32a96d54c,Unstuffed: Decluttering Your Home, Mind, and Soul
70140eac-1a3a-4252-b1af-69f1ba48a70d,Under the Banner of Heaven: A Story of Violent Faith
8ae8f18c-b985-4698-be14-299232b3fc1f,Two Boys Kissing
47a5ceb0-9a23-455a-a39b-3bc5d6208069,Twilight (Twilight #1)
f8d4bca0-06a6-41eb-ab9f-3fcff3cbffbc,Twenties Girl
12b8a67c-3fce-493a-b9c2-4176fd150247,Trespassing Across America: One Man's Epic, Never-Done-Before (and Sort of Illegal) Hike Across the Heartland
98153bbb-0092-42e2-b009-881b15a21d31,Three-Martini Lunch
dd79946b-c89c-4990-8a20-276bd80f2f97,Thinking, Fast and Slow
e13b1de4-524a-4f29-88cd-3c825eb6fa24,The Wild Robot
dac2b713-3084-4b2e-a7f0-a0f75aadba9a,The Wicked + The Divine, Vol. 3: Commercial Suicide (The Wicked + The Divine)
1401d5ae-1439-46d0-b9c4-047faeeaa53f,The Undomestic Goddess
7575d303-d2a8-4169-b5e9-2357f2d697e4,The Travelers
88ccea06-ba68-4a8a-bade-8b9e265e4cf4,The Tipping Point: How Little Things Can Make a Big Difference
73b65686-f959-420f-b6ab-ca31d119e874,The Thing About Jellyfish
e3e742ee-5117-4fbd-9259-68694d85c82f,The Stand
9a7010b0-3f6c-425f-bf23-667400f4aad3,The Smitten Kitchen Cookbook
303dcff3-1513-48f7-87a2-91a358dee02a,The Da Vinci Code (Robert Langdon #2)
9a585f16-21d9-4fd2-b458-cbb276231085,The Cuckoo's Calling (Cormoran Strike #1)
67468782-5549-4685-814c-67dda93ffee2,The Complete Stories and Poems (The Works of Edgar Allan Poe [Cameo Edition])
c860dc50-d52c-4fde-bbbd-3a582d9cd259,The Complete Poems
284a9b01-33c2-44c7-bd6f-2ae0890e355a,The Catcher in the Rye
01069431-0635-4610-9d3f-3e48400fd346,The Cat in the Hat (Beginner Books B-1)
77af531c-1c58-455e-b13e-4aea2b9e4db8,The Case for Christ (Cases for Christianity)
701001be-e1f5-4baa-aea9-5de8685728b3,The Book Thief
4a5aa105-3033-40ec-bdd7-06f4dc5d4360,The Book of Basketball: The NBA According to The Sports Guy
0b0dbd70-33c7-445f-8ce8-7d5c874ee849,The Blind Side: Evolution of a Game
cb6c832c-b20a-4232-98c7-b7b5bdb3624b,The Autobiography of Malcolm X
91cfd5ab-5892-4a5c-b708-6243b73d38aa,The Art of Simple Food: Notes, Lessons, and Recipes from a Delicious Revolution
9ef9255e-f491-4c98-9888-381b2bb0a89f,The Art of Fielding
ef5fa961-56de-483e-aa70-ad103d2e8ae8,Surely You're Joking, Mr. Feynman!: Adventures of a Curious Character
4bea775a-ff90-4bdd-b71a-678f0afe7767,Stiff: The Curious Lives of Human Cadavers
5723acf6-6166-432f-aab2-df82108521ce,Spilled Milk: Based on a True Story
aad4e45f-ebad-4f0b-8f2d-23e5225a9f7c,Something Borrowed (Darcy & Rachel #1)
6675fddd-08a9-4f5b-af2f-82ab706f498f,Something Blue (Darcy & Rachel #2)
c0c47ae8-b000-492b-af30-20612f9a7c4c,Soldier (Talon #3)
dcdb97bb-a768-4dde-af77-222cf9705f31,Shopaholic & Baby (Shopaholic #5)
2fba7366-9ef2-4c6a-a9f5-ec4121169c8d,Seven Days in the Art World
74013623-6603-4af9-9920-298ed58a4b5d,Seven Brief Lessons on Physics
54cd4976-8b14-411e-98ae-0bb316286b45,Scarlet (The Lunar Chronicles #2)
ccf136e0-5eae-4aaa-aaec-bb5e8e2d3066,Sarah's Key
b30db33f-d335-4826-aa20-550c54dfcad4,Saga, Volume 3 (Saga (Collected Editions) #3)
be0d97a2-f528-4b2c-a9c6-67e995b25b19,Running with Scissors
d8a5a023-ec32-48d4-808a-79cd7abd2498,Rogue Lawyer (Rogue Lawyer #1)
f257d95d-a89b-439c-bf29-243e11d3ce74,Rise of the Rocket Girls: The Women Who Propelled Us, from Missiles to the Moon to Mars
650ac8bb-1439-4761-ba0d-ca2835cdba90,Rework
69adb9d8-a1c5-4f2b-b416-c9999f9d0fda,Reservations for Two
fe25f855-372c-4e06-9513-089cda68aa5f,Red: The True Story of Red Riding Hood
2c0265cf-67cc-4f1b-aef3-e24fe64b14bd,Ready Player One
f9bafcb7-d186-40e2-a1fb-9a8bbacb16a6,Quiet: The Power of Introverts in a World That Can't Stop Talking
58cf92a0-ec28-4156-9293-582e2be488a8,Prodigy: The Graphic Novel (Legend: The Graphic Novel #2)
12aebf0b-3914-4cb4-992b-d6519450c99e,Persepolis: The Story of a Childhood (Persepolis #1-2)
97cc861d-27b6-46ee-a602-b436fdef3a6d,Packing for Mars: The Curious Science of Life in the Void
194f81c3-e471-4668-a6ae-197d9d3f0440,Outliers: The Story of Success
734417e6-a543-4d50-99b3-4dbeb8278033,Original Fake
eeea3fec-cecc-4929-9dc9-f794831c52d3,Orange Is the New Black
318e20c7-4a24-4b99-ac48-aadab25d7386,One for the Money (Stephanie Plum #1)
22771e4e-7ddc-437e-8397-8d1112731333,Notes from a Small Island (Notes From a Small Island #1)
1ea88dfe-2bb5-4024-9449-a03a17aa0fae,Night (The Night Trilogy #1)
ac5710d5-8dab-4a6b-8211-201a60db1ba8,Neither Here nor There: Travels in Europe
03bb7243-e205-4ed7-923e-0a68527948d9,Naked
4f72ee8b-f438-4a62-8ad2-b9c83eb01c3f,Morning Star (Red Rising #3)
7d9a44bc-04b1-4bd0-b63a-003402104283,Miracles from Heaven: A Little Girl, Her Journey to Heaven, and Her Amazing Story of Healing
8f3bbbe0-6ea6-4ee8-af63-5247074b88a0,Midnight Riot (Peter Grant/ Rivers of London - books #1)
48ef5628-710f-4be2-b703-ce7b8ad8b753,Me Talk Pretty One Day
8433bb33-b5e0-4915-8f7e-d931c8b1adad,Manuscript Found in Accra
a0272989-7ca4-45e7-a410-b0b30dd6d02b,Lust & Wonder
c1b88240-dcbd-4462-9e96-37669d92195d,Lila (Gilead #3)
c315a06d-40e2-4578-82c0-172e543d23f5,Life, the Universe and Everything (Hitchhiker's Guide to the Galaxy #3)
08f4ceca-dedc-4530-bd40-415b6885ab06,Life Without a Recipe
de4be88c-729d-4e3e-b77f-52384ace2852,Life After Life
e005ab1b-9c5f-488c-b7e7-ac778c4d29f6,Letter to a Christian Nation
3bca184c-ab67-40c8-9560-6e38092ff288,Let's Pretend This Never Happened: A Mostly True Memoir
c07b650d-8162-4857-8c5a-1d266b3c19e4,Legend (Legend #1)
2fa9e837-fae8-4020-9fd5-e3a73082ea26,Lean In: Women, Work, and the Will to Lead
6d61109c-bb0f-4a63-8e68-1faf207c12b2,Lamb: The Gospel According to Biff, Christ's Childhood Pal
337cc24a-0210-4921-8d08-ef9d8f05360f,Lady Renegades (Rebel Belle #3)
05518bc0-8228-41bc-b7e3-7a2834638c01,Girl in the Blue Coat
cddac956-7995-4f67-8080-6e192d67e2d4,Fruits Basket, Vol. 3 (Fruits Basket #3)
23fe53bb-6471-450c-bcec-2caae2fd2771,Friday Night Lights: A Town, a Team, and a Dream
03b0bb7d-a2a6-4247-b0b5-9d924c42f979,Fire Bound (Sea Haven/Sisters of the Heart #5)
71ab2479-0893-4181-aad2-4a96ac3564be,Fifty Shades Freed (Fifty Shades #3)
cdd0edba-24b2-4b68-9eaa-a74792bed21d,Fellside
ef35c950-1b9a-4565-b8d5-356a4cb65e2c,Extreme Prey (Lucas Davenport #26)
d3a134f1-f13d-4e24-8909-bc48131d594c,Eragon (The Inheritance Cycle #1)
8b043391-38ec-4f8c-aecd-3ee48bfddd19,Eclipse (Twilight #3)
10038cdd-eedf-4820-a706-18cf7b9ca682,Dune (Dune #1)
a818a0fb-d6e8-4ef2-85fa-697b8204621e,Dracula
7ed99f45-7903-40d0-9b00-46b9b38fe4a8,Do Androids Dream of Electric Sheep? (Blade Runner #1)
b7e46d10-2341-4292-9a25-3fbbea13d641,Disrupted: My Misadventure in the Start-Up Bubble
b66f179f-0c53-40f2-ae76-33816fa4c679,Dead Wake: The Last Crossing of the Lusitania
053c499e-01bf-4686-97a0-27d30ddabb20,David and Goliath: Underdogs, Misfits, and the Art of Battling Giants
b340667f-d706-4545-a8e3-810594181a6c,Darkfever (Fever #1)
9713938e-0138-40ab-8bbf-7a8bc5bab936,Dark Places
93102e1a-969d-4412-b951-b10d80adfcf1,Crazy Rich Asians (Crazy Rich Asians #1)
621bcb55-443b-4ec6-af27-2e300ef03d91,Counting Thyme
39165be8-af10-4811-9229-cb237e547bce,Cosmos
06d4a1af-8b40-4f76-bf78-df941d688a57,Jurassic Park (Jurassic Park #1)
2e6e0efc-f0b9-483e-83b8-daed78e49f01,It's Never Too Late to Begin Again: Discovering Creativity and Meaning at Midlife and Beyond
60d6eb96-5209-42b1-bcf9-55261b0ad148,Is Everyone Hanging Out Without Me? (And Other Concerns)
1b70a041-faa3-4614-b6cb-1beb0953bd55,Into the Wild
9463e4e4-17b3-4bc6-ba12-0dd19f7c8ff5,Inferno (Robert Langdon #4)
aa14022b-5715-4df6-8c50-596407424503,In the Garden of Beasts: Love, Terror, and an American Family in Hitler's Berlin
8ac4ec51-d937-4aa8-83ad-2f5bffce2ca5,If I Run (If I Run #1)
c6afc704-829a-428c-8177-baae962e2073,I've Got Your Number
f110704d-5ec8-4ea6-9048-2e513de1c47d,I Am Malala: The Girl Who Stood Up for Education and Was Shot by the Taliban
d89bd781-f5c4-44ac-881d-df31f97c6c8a,Hungry Girl Clean & Hungry: Easy All-Natural Recipes for Healthy Eating in the Real World
c60b9151-0530-4ea7-929a-8506dbd0db48,House of Lost Worlds: Dinosaurs, Dynasties, and the Story of Life on Earth
1dd3d421-679f-4a5a-aaf4-5c7f3dfcf530,House of Leaves
d23ea8fd-1a6a-4d28-85d6-49e04ece5810,Horrible Bear!
1d41c3b7-259b-4282-ac39-141ce558b255,Holidays on Ice
711e9170-9a49-40c3-a05e-f7c05a2273ba,Heir to the Sky
552e939d-eda7-4f8a-adc2-5a02d32c68e3,Green Eggs and Ham (Beginner Books B-16)
378eef41-73af-473f-a2ab-e686b065968d,Grayson, Vol 3: Nemesis (Grayson #3)
dceafd13-9261-4b78-ac29-d8c5393ffdd3,Gratitude
53b5b888-0631-4cf0-8035-6dccaab7ce63,Gone Girl
a75aac73-28fb-4eaf-8cb0-83e23b1fed8c,Golden (Heart of Dread #3)
44c807c7-1699-4874-b1f7-21d65493b6f6,Civilization and Its Discontents
bde9397f-971a-4c6a-95c4-0e42ac715aca,Cinder (The Lunar Chronicles #1)
9b181dd0-38b1-44bf-a07c-eca741afbe8d,Catastrophic Happiness: Finding Joy in Childhood's Messy Years
481d3bdf-1dd2-4b19-9d5e-b744d00c7429,Career of Evil (Cormoran Strike #3)
506d31e8-fbce-4421-adbd-dbc02ce7e167,Breaking Dawn (Twilight #4)
5069d4d9-35e5-4781-bbae-501ce65b2034,Brave Enough
d9be8925-c249-4692-a649-a615a45f81c8,Boy Meets Boy
063e7161-4802-44d5-9212-f3e8c84ca8c9,Born to Run: A Hidden Tribe, Superathletes, and the Greatest Race the World Has Never Seen
dca1c6db-151f-4353-b2ab-5e2d6b287f34,Blink: The Power of Thinking Without Thinking
bfd32509-05cc-4a6a-b66e-41808b64f073,Black Flags: The Rise of ISIS
f3e57acc-a355-494f-ba8f-77efd78296ce,Black Butler, Vol. 1 (Black Butler #1)
757335f3-d379-4e55-b94d-d648d796a2d7,Big Little Lies
e0ecaf54-e03b-4a7a-aa69-06b847dcff72,Between Shades of Gray
097d1442-390d-4c18-9aef-2168e2524b2d,Best of My Love (Fool's Gold #20)
63ff44b2-a957-4e5b-867b-d7aa35e03e8d,Beowulf
22ff5238-abb8-4f1e-bec6-86038542dd5d,Beautiful Creatures (Caster Chronicles #1)
0492fc4c-826b-4a6a-830c-b0dcb37fe187,Awkward
65713a9a-6017-4483-8151-2b0a89645124,Ash
d018cf5f-7c54-40b6-8610-2377fa36cebd,Are We There Yet?
0931b63f-2d3a-4a2d-8bbe-769618174283,Are We Smart Enough to Know How Smart Animals Are?
e8d440a9-e881-49b5-b530-6722f8ea2a93,Fruits Basket, Vol. 2 (Fruits Basket #2)
75fa8bb0-287d-41b7-8252-d1a571c00d99,Diary of a Minecraft Zombie Book 1: A Scare of a Dare (An Unofficial Minecraft Book)
05c39cae-73f5-4d42-ba2a-edfdad011b4a,Y: The Last Man, Vol. 1: Unmanned (Y: The Last Man #1)
3f9720e3-161a-45af-a9b7-463f58459bc2,While You Were Mine
00363f25-3447-4dbe-ba69-2753cbaff3e6,Where Lightning Strikes (Bleeding Stars #3)
d6eded1d-a75b-4c91-9b81-fb193a020b2a,When I'm Gone
e486ee08-386f-49b9-9d43-da263689914a,Ways of Seeing
7a49c891-733b-4664-95be-7ee17c86eb76,Vampire Knight, Vol. 1 (Vampire Knight #1)
6b5f3aff-c4ac-4fc6-b126-90c34abfc291,Vampire Girl (Vampire Girl #1)
7e86ce23-2a45-402e-a05a-6b2c2e679863,Twenty Love Poems and a Song of Despair
7c8e7446-76d2-45e4-a717-c74dde59ad7d,Travels with Charley: In Search of America
c8723be8-7133-4ef5-af90-e4a928f505cc,Three Wishes (River of Time: California #1)
e609aa0d-c701-41e7-b214-a966cf201606,This One Moment (Pushing Limits #1)
94026f89-4487-4222-9763-7f04830bb218,The Zombie Room
4739d896-7d27-439b-a5b6-96bd9e364827,The Wicked + The Divine, Vol. 1: The Faust Act (The Wicked + The Divine)
d0e44acd-6a3d-4f92-b845-8377487d638a,The Tumor
4bec29b0-4b8f-4fdd-a12f-befc72ec214c,The Story of Hong Gildong
8b3873cb-3ad0-4e0b-94ba-669a4e72b265,The Silent Wife
b107eec3-bc9c-4142-b41e-0249ab2bd866,The Silent Twin (Detective Jennifer Knight #3)
65509b57-3115-4ab7-851e-9017b1e0eb5a,The Selfish Gene
62088aac-8a0f-4b96-a84e-8645f853d27d,Annie on My Mind
b404cdcc-c383-4b17-9ded-7b8d412923e7,And Then There Were None
86f1b8f5-f146-469b-b91f-8a02d324c7a0,A Walk in the Woods: Rediscovering America on the Appalachian Trail
05972ca0-fddb-489a-ac9c-d873645eb0bb,A Visit from the Goon Squad
8213e9bf-d587-4807-859f-429262a349a0,A Storm of Swords (A Song of Ice and Fire #3)
d9e8d5b5-7fb4-4811-84ca-d6df02db4bf3,A Heartbreaking Work of Staggering Genius
cf726682-9fe2-4138-aee8-e24c29e97b77,8 Keys to Mental Health Through Exercise
011eca1d-2e02-4083-8fa8-52876d98b284,#GIRLBOSS
0b22f605-ab81-4e1a-ab01-c82b7a05c565,The Suffragettes (Little Black Classics, #96)
7d9a02ad-ca79-406b-a170-450bbe55906c,The Sense of an Ending
b76208c2-5dcb-4ccb-8f0b-b812b4b3b35c,The Sandman, Vol. 2: The Doll's House (The Sandman (volumes) #2)
bfc7346d-fca8-4230-ae28-99afa85cc160,The Course of Love
d27fdfc1-ca77-490a-bb95-ad086e9a3996,Sugar Rush (Offensive Line #2)
a5243e6d-258a-4946-9a28-581f5bb83604,Saga, Volume 2 (Saga (Collected Editions) #2)
81649b74-0de3-46c0-9c62-7cbd78c9f0fd,Run, Spot, Run: The Ethics of Keeping Pets
3a815e05-90e4-4c2b-9c85-9f4e9a53bdae,New Moon (Twilight #2)
df8cdb21-2ee7-4e5c-b1f3-e47e66dfd167,Life
c4e47d4a-8436-4cd9-a45e-cd47cfe15c56,Kindle Paperwhite User's Guide
3588b061-66ce-4cee-bd53-936dc8b425b0,H is for Hawk
e96953b5-9a81-4024-aa52-d32c3fe8c484,Girl Online On Tour (Girl Online #2)
38c6b3f2-b2d5-45bd-91b1-057d091088a4,The Bhagavad Gita
5e2e4200-1ece-44c0-b1ab-c5d86c4d95a7,The Bette Davis Club
215e291e-0127-40f3-b7fd-45947dba2fbf,The Art of Not Breathing
b885f0e2-21d0-4d17-b092-4bc56e8fafd0,Taking Shots (Assassins #1)
140480fe-cbf9-4df6-8fa9-980b7ee068eb,Starlark
6d4c9cee-f072-4219-b8f9-1bd486173bf6,Skip Beat!, Vol. 01 (Skip Beat! #1)
32dcdc6d-1190-4190-9b4f-5ec557d3cf53,Sister Sable (The Mad Queen #1)
765e9349-c973-4e60-b065-ad0516602de3,Shatter Me (Shatter Me #1)
8966c2bf-992a-4594-a080-3fdb5d4eaa25,Shameless
16b27e88-4303-46f3-bc42-999fa090a685,Shadow Rites (Jane Yellowrock #10)
766f25ad-a40e-4eb8-95db-e93d2852116b,Settling the Score (The Summer Games #1)
53bc6737-65a9-4750-b175-3bbcec5c85b2,Sense and Sensibility
f37da446-224e-4d1c-835f-cc1d4cdd6864,Saga, Volume 1 (Saga (Collected Editions) #1)
34379f15-1b8c-42e0-b76d-d155253b9aa0,Rhythm, Chord & Malykhin
37d0a10a-b711-4910-8de3-808b82ab2a82,Rat Queens, Vol. 1: Sass & Sorcery (Rat Queens (Collected Editions) #1-5)
bd7de6d4-8a57-46ae-81d9-e8cfafb0f599,Paradise Lost (Paradise #1)
a5b90cb2-4d50-4383-84bb-d8148fb59809,Paper Girls, Vol. 1 (Paper Girls #1-5)
10a454b2-0575-431e-9d5e-8ca6deb152dd,Ouran High School Host Club, Vol. 1 (Ouran High School Host Club #1)
dde189c3-5690-493c-881c-ce0f0cde0984,Origins (Alphas 0.5)
5f8ff784-33b9-4e7a-a0e2-b9d68d1c1005,One Second (Seven #7)
773515b8-c925-4b83-b89d-440b651fd0d6,The Secret Healer
90ea66ca-7d20-4406-a759-566f50c12cb6,The Sandman, Vol. 1: Preludes and Nocturnes (The Sandman (volumes) #1)
ba852a9c-f602-46c1-bdfb-87c2f9b1a36f,The Republic
1cb073f5-e73d-4d18-ad82-3a3b4f99abbe,The Odyssey
1468f26a-e013-4a22-a5f1-6f18af175be0,The No. 1 Ladies' Detective Agency (No. 1 Ladies' Detective Agency #1)
b8cd4614-f958-4a0e-a310-d92b20959416,The Nicomachean Ethics
7123c9a6-2a60-4f50-9194-4f8bc00371e9,The Name of the Wind (The Kingkiller Chronicle #1)
116ac5b6-6810-4434-a7fa-f7af07694c75,The Mirror & the Maze (The Wrath and the Dawn #1.5)
8c871bd5-701b-4d91-8d9a-4e7b35241627,The Little Prince
ef37ffc7-0124-4123-85a6-e130793b3f74,The Light of the Fireflies
97d29e53-630f-4914-bd20-2237fb992cc9,The Last Girl (The Dominion Trilogy #1)
2292bda8-6b69-48d4-839d-973f148cec55,The Iliad
52cab7b9-fd2a-42ab-8259-09f2f76cfc9e,The Hook Up (Game On #1)
226d03ef-72bf-4bd8-b849-1be6e4a161dc,The Haters
10576b0e-6779-495b-9d24-d9122a4c74ff,The Girl You Lost
3f012ccd-6e98-49e2-9d03-4fff880dbe9a,The Girl In The Ice (DCI Erika Foster #1)
c8097849-ee9e-4d85-a4d8-ba84cfa654f4,The End of the Jesus Era (An Investigation #1)
99f94d2c-2de3-4429-b105-3f8c4522dac0,The Edge of Reason (Bridget Jones #2)
4a3bcf87-2586-43de-b429-6f1841da926d,The Complete Maus (Maus #1-2)
d5af9461-473a-4e67-b49d-e33abb23b3c1,The Communist Manifesto
100a0701-d480-4f81-90ef-5849f48ef736,On the Road (Duluoz Legend)
db3276f2-85b7-450f-b740-585a3c8e3d33,Old Records Never Die: One Man's Quest for His Vinyl and His Past
6689f619-3f45-4d4c-a1d3-80c647a8faee,Off Sides (Off #1)
7d765baa-ca0a-4e6d-8413-5786784c13fb,Of Mice and Men
6917b0ac-0055-416d-8067-20c42727d9a1,Myriad (Prentor #1)
c89bbe1d-df95-4431-aef8-9120a434e999,My Perfect Mistake (Over the Top #1)
4d7d386d-a099-41ec-95e1-0a65e68f55a8,Ms. Marvel, Vol. 1: No Normal (Ms. Marvel (2014-2015) #1)
2e4c3a83-a941-4ddc-8970-716f52820151,Meditations
c4ca6cee-946f-4901-92b4-fc1097886232,Matilda
e2c2f934-353b-4582-a5db-21127377ac5c,Lost Among the Living
4d396a08-baa6-4382-b7f3-5987fb9222c8,Lord of the Flies
43d86488-15ae-4359-98fc-b30943567cee,Listen to Me (Fusion #1)
6553785b-4afa-4b4a-a55f-e900e379319c,Kitchens of the Great Midwest
e7235079-5ef0-4189-9c34-f4c36d3e7133,Jane Eyre
6d0b94c5-5ab8-4efe-82d1-d2d2908f7188,Imperfect Harmony
8fa712c8-e198-4c2b-9453-119571df7cfe,Icing (Aces Hockey #2)
9ef40425-1170-4453-85c5-39e09e735931,Hawkeye, Vol. 1: My Life as a Weapon (Hawkeye #1)
0288167a-fadd-4eaa-95cf-53b37df3e7fc,Having the Barbarian's Baby (Ice Planet Barbarians #7.5)
dab43234-3b6c-4aeb-bbcd-36d658724154,Giant Days, Vol. 1 (Giant Days #1-4)
85863ee0-1388-4829-a1a4-f95b2cf6a42f,Fruits Basket, Vol. 1 (Fruits Basket #1)
3b6fbcdb-c8fb-48ed-9fdd-d933952e18f0,Frankenstein
ecf50086-e5ec-405e-aeba-0a8300f849fc,Forever Rockers (The Rocker #12)
4cb1a6db-d90d-4374-9a85-c67d082190a1,Fighting Fate (Fighting #6)
03a5d4d0-304d-4b8a-a1ad-908661b995ad,Emma
f63fba93-8307-4f38-86c4-ad5c153464a9,Eat, Pray, Love
58777837-1143-46aa-83a6-bf3c4a74861c,Deep Under (Walker Security #1)
6bfbc157-6745-4b90-8ab5-b3c7c1c8559c,Choosing Our Religion: The Spiritual Lives of America's Nones
2f1e9a45-2c68-4218-ad81-b7b413bb26ab,Charlie and the Chocolate Factory (Charlie Bucket #1)
31601470-6245-43b9-9f3d-4c04a7def9ae,Charity's Cross (Charles Towne Belles #4)
e5e3c06f-4c2e-4d8f-8686-00c52d00881f,Bright Lines
2209a375-5bed-4000-a079-bb69a217bd3a,Bridget Jones's Diary (Bridget Jones #1)
cc267022-0642-4f43-8eb3-36b1d510aca0,Bounty (Colorado Mountain #7)
f6b971a8-0416-49f6-9d3c-34d3e0c7b8ac,Blood Defense (Samantha Brinkman #1)
c728ca78-4bb2-480f-bf60-fbae1037cb17,Bleach, Vol. 1: Strawberry and the Soul Reapers (Bleach #1)
fb177dbf-bf87-4d70-824d-7b499ac26814,Beyond Good and Evil
cc384202-a4b6-4ac8-8775-402363cde406,Alice in Wonderland (Alice's Adventures in Wonderland #1)
7d18d32b-112b-4efb-b463-0d04ee00e094,Ajin: Demi-Human, Volume 1 (Ajin: Demi-Human #1)
0acf4861-ba2c-4f43-821d-0cb6cd9366f5,A Spy's Devotion (The Regency Spies of London #1)
8670158c-9bac-4f31-b0e5-ae837f92ad9b,1st to Die (Women's Murder Club #1)
46a5c070-b10f-435f-9058-4b667b7ccbc7,1,000 Places to See Before You Die
